,_id,country,genre_type,color,num_critic_for_reviews,duration,director_facebook_likes,gross,genres,movie_title,budget,title_year,imdb_score,cast_total_facebook_likes,color_count,black_white,genre_present,genre_proportion,region,domain
0,617bac52bb4e5a1c4857786d,Afghanistan,Drama,1,105.0,83.0,6.0,1.127331,1,1,0.046,1,7.4,30.0,1,0,1,1.0,Asia,theme_country
1,617bac52bb4e5a1c4857786e,Argentina,Crime,1,94.0,114.0,44.0,1.221261,1,1,1.5,1,7.9,856.0,1,0,1,1.0,South America,theme_country
2,617bac52bb4e5a1c4857786f,Argentina,Drama,4,459.0,108.0,68.0,7.230936333333333,4,4,1.425,4,7.5,571.75,4,0,4,1.0,South America,theme_country
3,617bac52bb4e5a1c48577870,Argentina,Mystery,1,262.0,129.0,195.0,20.167424,1,1,2.0,1,8.2,1044.0,1,0,1,1.0,South America,theme_country
4,617bac52bb4e5a1c48577871,Argentina,Thriller,2,356.0,121.5,119.5,10.6943425,2,2,1.75,2,8.05,950.0,2,0,2,1.0,South America,theme_country
5,617bac52bb4e5a1c48577872,Aruba,Action,1,67.0,91.0,85.0,10.076136,1,1,35.0,1,4.8,1352.0,1,0,1,1.0,South America,theme_country
6,617bac52bb4e5a1c48577873,Aruba,Comedy,1,67.0,91.0,85.0,10.076136,1,1,35.0,1,4.8,1352.0,1,0,1,1.0,South America,theme_country
7,617bac52bb4e5a1c48577874,Aruba,Thriller,1,67.0,91.0,85.0,10.076136,1,1,35.0,1,4.8,1352.0,1,0,1,1.0,South America,theme_country
8,617bac52bb4e5a1c48577875,Australia,Action,16,3140.0,102.0,239.9375,60.23298964285714,16,16,39.2690951875,16,6.431250000000001,8416.0,15,1,16,1.0,Oceania,theme_country
9,617bac52bb4e5a1c48577876,Australia,Adventure,16,2397.0,104.6875,321.6875,64.840971,16,16,35.59722018749999,16,6.58125,7790.4375,15,1,16,1.0,Oceania,theme_country
10,617bac52bb4e5a1c48577877,Australia,Animation,2,591.0,100.0,423.5,160.8742625,2,2,97.5,2,6.85,42386.0,2,0,2,1.0,Oceania,theme_country
11,617bac52bb4e5a1c48577878,Australia,Biography,5,468.0,104.8,76.2,12.804692750000001,5,5,9.5,5,7.44,8701.8,5,0,5,1.0,Oceania,theme_country
12,617bac52bb4e5a1c48577879,Australia,Comedy,16,1312.0,94.1875,113.125,55.226525142857135,16,16,30.5,16,6.13125,6899.375,16,0,16,1.0,Oceania,theme_country
13,617bac52bb4e5a1c4857787a,Australia,Crime,4,372.0,102.25,115.75,8.657466,4,4,11.5375,4,6.125,2144.25,4,0,4,1.0,Oceania,theme_country
14,617bac52bb4e5a1c4857787b,Australia,Documentary,1,13.0,97.0,65.0,,1,1,2.5,1,7.6,67.0,1,0,1,1.0,Oceania,theme_country
15,617bac52bb4e5a1c4857787c,Australia,Drama,28,3108.0,113.48148148148148,196.92307692307693,25.983582250000012,28,28,28.043999999999997,28,6.871428571428571,7051.928571428572,28,0,28,1.0,Oceania,theme_country
16,617bac52bb4e5a1c4857787d,Australia,Family,8,888.0,94.75,219.875,72.51324466666667,8,8,42.675,8,6.6375,11545.25,8,0,8,1.0,Oceania,theme_country
17,617bac52bb4e5a1c4857787e,Australia,Fantasy,5,1086.0,100.0,247.4,65.3543366,5,5,55.4,5,6.26,7273.0,5,0,5,1.0,Oceania,theme_country
18,617bac52bb4e5a1c4857787f,Australia,History,2,91.0,108.0,92.0,6.165429,2,2,7.5,2,7.3,405.0,2,0,2,1.0,Oceania,theme_country
19,617bac52bb4e5a1c48577880,Australia,Horror,10,1421.0,93.66666666666667,58.888888888888886,22.350006999999998,10,10,18.271428571428572,10,5.98,1549.5,10,0,10,1.0,Oceania,theme_country
20,617bac52bb4e5a1c48577881,Australia,Music,4,343.0,102.5,231.75,26.180153999999998,4,4,49.0,4,6.825,16338.75,4,0,4,1.0,Oceania,theme_country
21,617bac52bb4e5a1c48577882,Australia,Musical,2,189.0,94.0,376.5,32.0511785,2,2,70.75,2,6.1,31434.5,2,0,2,1.0,Oceania,theme_country
22,617bac52bb4e5a1c48577883,Australia,Mystery,7,761.0,101.71428571428571,119.42857142857143,7.4262702,7,7,11.700000000000001,7,6.071428571428571,1928.7142857142858,7,0,7,1.0,Oceania,theme_country
23,617bac52bb4e5a1c48577884,Australia,Romance,13,1957.0,113.6923076923077,259.46153846153845,41.67172539999999,13,13,39.25,13,6.907692307692307,14037.461538461539,13,0,13,1.0,Oceania,theme_country
24,617bac52bb4e5a1c48577885,Australia,Sci-Fi,13,2685.0,99.15384615384616,294.46153846153845,42.6497593,13,13,40.79212691666667,13,6.4692307692307685,5050.307692307692,12,1,13,1.0,Oceania,theme_country
25,617bac52bb4e5a1c48577886,Australia,Sport,1,21.0,90.0,73.0,0.88229,1,1,10.0,1,6.5,1526.0,1,0,1,1.0,Oceania,theme_country
26,617bac52bb4e5a1c48577887,Australia,Thriller,16,2895.0,99.8,279.1333333333333,29.147287799999997,16,16,25.992732538461535,16,6.387499999999999,4115.125,15,1,16,1.0,Oceania,theme_country
27,617bac52bb4e5a1c48577888,Australia,War,6,698.0,139.33333333333334,213.8,14.801256,6,6,39.083333333333336,6,7.066666666666666,7513.333333333333,6,0,6,1.0,Oceania,theme_country
28,617bac52bb4e5a1c48577889,Australia,Western,3,206.0,108.33333333333333,85.0,11.656915000000001,3,3,8.5,3,7.166666666666667,16274.666666666666,3,0,3,1.0,Oceania,theme_country
29,617bac52bb4e5a1c4857788a,Bahamas,Drama,1,64.0,94.0,261.0,,1,1,5.0,1,4.4,12676.0,1,0,1,1.0,North America,theme_country
30,617bac52bb4e5a1c4857788b,Bahamas,Thriller,1,64.0,94.0,261.0,,1,1,5.0,1,4.4,12676.0,1,0,1,1.0,North America,theme_country
31,617bac52bb4e5a1c4857788c,Belgium,Action,2,20.0,109.0,596.0,,2,2,,2,4.5,1981.0,2,0,2,1.0,Europe,theme_country
32,617bac52bb4e5a1c4857788d,Belgium,Adventure,3,80.0,101.0,397.3333333333333,0.004091,3,3,34.0,3,5.1000000000000005,1443.6666666666667,3,0,3,1.0,Europe,theme_country
33,617bac52bb4e5a1c4857788e,Belgium,Animation,1,60.0,85.0,0.0,0.004091,1,1,34.0,1,6.3,369.0,1,0,1,1.0,Europe,theme_country
34,617bac52bb4e5a1c4857788f,Belgium,Biography,1,167.0,109.0,93.0,1.357042,1,1,15.0,1,7.1,35561.0,1,0,1,1.0,Europe,theme_country
35,617bac52bb4e5a1c48577890,Belgium,Comedy,1,60.0,85.0,0.0,0.004091,1,1,34.0,1,6.3,369.0,1,0,1,1.0,Europe,theme_country
36,617bac52bb4e5a1c48577891,Belgium,Drama,1,167.0,109.0,93.0,1.357042,1,1,15.0,1,7.1,35561.0,1,0,1,1.0,Europe,theme_country
37,617bac52bb4e5a1c48577892,Belgium,Family,1,60.0,85.0,0.0,0.004091,1,1,34.0,1,6.3,369.0,1,0,1,1.0,Europe,theme_country
38,617bac52bb4e5a1c48577893,Belgium,Fantasy,1,60.0,85.0,0.0,0.004091,1,1,34.0,1,6.3,369.0,1,0,1,1.0,Europe,theme_country
39,617bac52bb4e5a1c48577894,Belgium,Romance,2,20.0,109.0,596.0,,2,2,,2,4.5,1981.0,2,0,2,1.0,Europe,theme_country
40,617bac52bb4e5a1c48577895,Belgium,Sci-Fi,2,20.0,109.0,596.0,,2,2,,2,4.5,1981.0,2,0,2,1.0,Europe,theme_country
41,617bac52bb4e5a1c48577896,Belgium,Thriller,1,167.0,109.0,93.0,1.357042,1,1,15.0,1,7.1,35561.0,1,0,1,1.0,Europe,theme_country
42,617bac52bb4e5a1c48577897,Brazil,Action,2,151.0,100.0,184.0,0.00806,2,2,3.5,2,6.8,755.0,2,0,2,1.0,South America,theme_country
43,617bac52bb4e5a1c48577898,Brazil,Comedy,2,112.0,105.5,9.0,0.375723,2,2,4.0,2,7.15,627.5,2,0,2,1.0,South America,theme_country
44,617bac52bb4e5a1c48577899,Brazil,Crime,2,356.0,125.0,323.5,3.7857285000000003,2,2,3.65,2,8.399999999999999,938.5,2,0,2,1.0,South America,theme_country
45,617bac52bb4e5a1c4857789a,Brazil,Drama,8,660.0,110.0,117.875,2.712574,8,8,4.171428571428572,8,7.2749999999999995,624.25,8,0,8,1.0,South America,theme_country
46,617bac52bb4e5a1c4857789b,Brazil,Romance,1,1.0,99.0,9.0,,1,1,,1,6.4,1179.0,1,0,1,1.0,South America,theme_country
47,617bac52bb4e5a1c4857789c,Brazil,Thriller,2,151.0,100.0,184.0,0.00806,2,2,3.5,2,6.8,755.0,2,0,2,1.0,South America,theme_country
48,617bac52bb4e5a1c4857789d,Bulgaria,Action,1,136.0,109.0,19.0,,1,1,7.0,1,6.1,2829.0,1,0,1,1.0,Europe,theme_country
49,617bac52bb4e5a1c4857789e,Bulgaria,Sci-Fi,1,136.0,109.0,19.0,,1,1,7.0,1,6.1,2829.0,1,0,1,1.0,Europe,theme_country
50,617bac52bb4e5a1c4857789f,Bulgaria,Thriller,1,136.0,109.0,19.0,,1,1,7.0,1,6.1,2829.0,1,0,1,1.0,Europe,theme_country
51,617bac52bb4e5a1c485778a0,Cambodia,Drama,1,17.0,100.0,5.0,,1,1,,1,5.6,527.0,1,0,1,1.0,Asia,theme_country
52,617bac52bb4e5a1c485778a1,Cambodia,Sci-Fi,1,17.0,100.0,5.0,,1,1,,1,5.6,527.0,1,0,1,1.0,Asia,theme_country
53,617bac52bb4e5a1c485778a2,Cambodia,Thriller,1,17.0,100.0,5.0,,1,1,,1,5.6,527.0,1,0,1,1.0,Asia,theme_country
54,617bac52bb4e5a1c485778a3,Cameroon,Documentary,1,27.0,104.0,0.0,0.032631,1,1,,1,7.5,2.0,1,0,1,1.0,Africa,theme_country
55,617bac52bb4e5a1c485778a4,Canada,Action,26,2505.0,97.15384615384616,149.84615384615384,65.31631218181818,26,26,27.73,26,5.4653846153846155,4946.846153846154,25,1,26,1.0,North America,theme_country
56,617bac52bb4e5a1c485778a5,Canada,Adventure,13,1646.0,100.76923076923077,177.0,91.581547125,13,13,48.44615384615384,13,5.769230769230768,5852.307692307692,13,0,13,1.0,North America,theme_country
57,617bac52bb4e5a1c485778a6,Canada,Animation,3,186.0,68.33333333333333,3.5,64.23877,3,3,25.65,3,6.633333333333333,6516.333333333333,3,0,3,1.0,North America,theme_country
58,617bac52bb4e5a1c485778a7,Canada,Biography,6,567.0,117.66666666666667,55.5,10.615459399999999,6,6,10.1,6,6.800000000000001,7724.333333333333,6,0,6,1.0,North America,theme_country
59,617bac52bb4e5a1c485778a8,Canada,Comedy,41,3307.0,93.8780487804878,123.975,19.868859107142857,41,41,13.29014705882353,41,6.380487804878048,3147.682926829268,38,3,41,1.0,North America,theme_country
60,617bac52bb4e5a1c485778a9,Canada,Crime,18,1798.0,100.22222222222223,128.61111111111111,13.959204000000001,18,18,14.64375,18,6.122222222222223,7709.055555555556,17,1,18,1.0,North America,theme_country
61,617bac52bb4e5a1c485778aa,Canada,Documentary,2,73.0,100.0,2.0,0.024784,2,2,0.65,2,7.550000000000001,0.0,2,0,2,1.0,North America,theme_country
62,617bac52bb4e5a1c485778ab,Canada,Drama,65,5205.0,104.46153846153847,142.4126984126984,10.16076825,65,65,12.51435185185185,65,6.48153846153846,3962.8,62,3,65,1.0,North America,theme_country
63,617bac52bb4e5a1c485778ac,Canada,Family,11,447.0,99.81818181818181,54.333333333333336,45.12568033333334,11,11,19.88888888888889,11,5.763636363636365,5685.909090909091,10,1,11,1.0,North America,theme_country
64,617bac52bb4e5a1c485778ad,Canada,Fantasy,14,1938.0,95.42857142857143,172.07692307692307,71.53682344444445,14,14,38.608333333333334,14,5.928571428571429,4561.071428571428,14,0,14,1.0,North America,theme_country
65,617bac52bb4e5a1c485778ae,Canada,History,4,384.0,111.0,275.5,13.6439175,4,4,32.375,4,6.8,1701.0,4,0,4,1.0,North America,theme_country
66,617bac52bb4e5a1c485778af,Canada,Horror,29,4568.0,95.0,94.89655172413794,20.482638722222223,29,29,11.818592592592593,29,5.896551724137929,2622.8275862068967,26,3,29,1.0,North America,theme_country
67,617bac52bb4e5a1c485778b0,Canada,Music,5,266.0,96.4,40.2,7.921957,5,5,8.92,5,5.9799999999999995,1002.8,4,1,5,1.0,North America,theme_country
68,617bac52bb4e5a1c485778b1,Canada,Musical,2,74.0,81.5,63.0,0.039659,2,2,1.3,2,6.2,126.0,1,1,2,1.0,North America,theme_country
69,617bac52bb4e5a1c485778b2,Canada,Mystery,18,2365.0,102.66666666666667,165.8235294117647,14.479099399999999,18,18,14.312764705882353,18,6.333333333333333,2834.222222222222,18,0,18,1.0,North America,theme_country
70,617bac52bb4e5a1c485778b3,Canada,Romance,17,1167.0,105.6470588235294,141.94117647058823,10.189189333333333,17,17,15.66875,17,6.388235294117647,1421.5882352941176,17,0,17,1.0,North America,theme_country
71,617bac52bb4e5a1c485778b4,Canada,Sci-Fi,22,2904.0,97.72727272727273,130.33333333333334,42.392643923076925,22,22,26.26033333333333,22,5.749999999999999,3132.2727272727275,21,1,22,1.0,North America,theme_country
72,617bac52bb4e5a1c485778b5,Canada,Sport,7,383.0,113.42857142857143,88.85714285714286,19.2101945,7,7,16.166666666666668,7,6.742857142857143,2184.1428571428573,6,1,7,1.0,North America,theme_country
73,617bac52bb4e5a1c485778b6,Canada,Thriller,39,4460.0,100.1025641025641,144.7948717948718,36.363450500000006,39,39,20.887972222222224,39,5.982051282051281,5680.051282051282,37,2,39,1.0,North America,theme_country
74,617bac52bb4e5a1c485778b7,Canada,War,3,329.0,122.66666666666667,522.0,4.205831,3,3,13.4,3,7.099999999999999,1511.6666666666667,3,0,3,1.0,North America,theme_country
75,617bac52bb4e5a1c485778b8,Canada,Western,4,113.0,89.5,39.75,,4,4,9.25,4,6.1000000000000005,3457.0,4,0,4,1.0,North America,theme_country
76,617bac52bb4e5a1c485778b9,Chile,Biography,1,120.0,127.0,36.0,12.188642,1,1,26.0,1,6.9,2230.0,1,0,1,1.0,South America,theme_country
77,617bac52bb4e5a1c485778ba,Chile,Drama,1,120.0,127.0,36.0,12.188642,1,1,26.0,1,6.9,2230.0,1,0,1,1.0,South America,theme_country
78,617bac52bb4e5a1c485778bb,Chile,History,1,120.0,127.0,36.0,12.188642,1,1,26.0,1,6.9,2230.0,1,0,1,1.0,South America,theme_country
79,617bac52bb4e5a1c485778bc,China,Action,18,1940.0,110.61111111111111,152.83333333333334,20.7885969,18,18,84.04549999999999,18,6.4444444444444455,2622.8888888888887,16,2,18,1.0,Asia,theme_country
80,617bac52bb4e5a1c485778bd,China,Adventure,12,1609.0,107.75,222.75,25.886085375,12,12,107.16369999999999,12,6.533333333333332,3581.0833333333335,10,2,12,1.0,Asia,theme_country
81,617bac52bb4e5a1c485778be,China,Animation,2,9.0,88.5,0.0,,2,2,40.0,2,4.800000000000001,1025.0,2,0,2,1.0,Asia,theme_country
82,617bac52bb4e5a1c485778bf,China,Biography,1,75.0,219.0,973.0,43.98423,1,1,23.0,1,7.8,2451.0,1,0,1,1.0,Asia,theme_country
83,617bac52bb4e5a1c485778c0,China,Comedy,6,234.0,98.33333333333333,208.5,0.14377733333333334,6,6,9.0,6,5.8,356.0,6,0,6,1.0,Asia,theme_country
84,617bac52bb4e5a1c485778c1,China,Crime,2,34.0,108.0,0.0,,2,2,3.0,2,6.95,321.5,2,0,2,1.0,Asia,theme_country
85,617bac52bb4e5a1c485778c2,China,Drama,17,1819.0,122.55555555555556,302.27777777777777,4.899798533333333,18,18,72.0688,18,6.716666666666666,2317.5555555555557,16,1,18,1.0,Asia,theme_country
86,617bac52bb4e5a1c485778c3,China,Family,2,9.0,88.5,0.0,,2,2,40.0,2,4.800000000000001,1025.0,2,0,2,1.0,Asia,theme_country
87,617bac52bb4e5a1c485778c4,China,Fantasy,3,108.0,103.33333333333333,16.0,0.668171,3,3,56.001666666666665,3,6.0,723.6666666666666,3,0,3,1.0,Asia,theme_country
88,617bac52bb4e5a1c485778c5,China,History,10,1357.0,125.0909090909091,319.45454545454544,5.1618276666666665,11,11,80.14836363636363,11,7.054545454545454,4269.0,7,3,11,1.0,Asia,theme_country
89,617bac52bb4e5a1c485778c6,China,Romance,5,727.0,123.6,381.0,5.1427252,5,5,64.6,5,6.960000000000001,5652.0,5,0,5,1.0,Asia,theme_country
90,617bac52bb4e5a1c485778c7,China,Thriller,2,488.0,124.5,94.0,195.000874,2,2,150.0,2,6.800000000000001,11237.5,2,0,2,1.0,Asia,theme_country
91,617bac52bb4e5a1c485778c8,China,War,5,537.0,130.2,249.0,0.22084525,5,5,140.5264,5,6.9799999999999995,5700.6,4,1,5,1.0,Asia,theme_country
92,617bac52bb4e5a1c485778c9,Colombia,Crime,1,155.0,101.0,13.0,6.517198,1,1,3.0,1,7.5,308.0,1,0,1,1.0,South America,theme_country
93,617bac52bb4e5a1c485778ca,Colombia,Drama,1,155.0,101.0,13.0,6.517198,1,1,3.0,1,7.5,308.0,1,0,1,1.0,South America,theme_country
94,617bac52bb4e5a1c485778cb,Czech Republic,Comedy,1,99.0,113.0,44.0,0.617228,1,1,84.45,1,7.4,92.0,1,0,1,1.0,Europe,theme_country
95,617bac52bb4e5a1c485778cc,Czech Republic,Crime,1,172.0,137.0,79.0,1.206135,1,1,50.0,1,6.4,27666.0,1,0,1,1.0,Europe,theme_country
96,617bac52bb4e5a1c485778cd,Czech Republic,Drama,2,271.0,125.0,61.5,0.9116815,2,2,67.225,2,6.9,13879.0,2,0,2,1.0,Europe,theme_country
97,617bac52bb4e5a1c485778ce,Czech Republic,Fantasy,1,131.0,101.0,61.0,2.060953,1,1,12.0,1,7.1,2543.0,1,0,1,1.0,Europe,theme_country
98,617bac52bb4e5a1c485778cf,Czech Republic,Horror,1,131.0,101.0,61.0,2.060953,1,1,12.0,1,7.1,2543.0,1,0,1,1.0,Europe,theme_country
99,617bac52bb4e5a1c485778d0,Czech Republic,Romance,1,99.0,113.0,44.0,0.617228,1,1,84.45,1,7.4,92.0,1,0,1,1.0,Europe,theme_country
100,617bac52bb4e5a1c485778d1,Czech Republic,Thriller,2,303.0,119.0,70.0,1.633544,2,2,31.0,2,6.75,15104.5,2,0,2,1.0,Europe,theme_country
101,617bac52bb4e5a1c485778d2,Czech Republic,War,1,99.0,113.0,44.0,0.617228,1,1,84.45,1,7.4,92.0,1,0,1,1.0,Europe,theme_country
102,617bac52bb4e5a1c485778d3,Denmark,Action,2,52.0,105.5,27.5,2.221994,2,2,35.0,2,6.050000000000001,1661.0,2,0,2,1.0,Europe,theme_country
103,617bac52bb4e5a1c485778d4,Denmark,Adventure,1,2.0,90.0,0.0,,1,1,,1,5.7,197.0,1,0,1,1.0,Europe,theme_country
104,617bac52bb4e5a1c485778d5,Denmark,Animation,1,2.0,90.0,0.0,,1,1,,1,5.7,197.0,1,0,1,1.0,Europe,theme_country
105,617bac52bb4e5a1c485778d6,Denmark,Comedy,1,2.0,90.0,0.0,,1,1,,1,5.7,197.0,1,0,1,1.0,Europe,theme_country
106,617bac52bb4e5a1c485778d7,Denmark,Crime,2,617.0,115.0,1500.0,2.4680280000000003,2,2,8.8,2,6.85,18836.5,2,0,2,1.0,Europe,theme_country
107,617bac52bb4e5a1c485778d8,Denmark,Documentary,1,43.0,93.0,0.0,0.10024,1,1,1.0,1,6.8,28.0,1,0,1,1.0,Europe,theme_country
108,617bac52bb4e5a1c485778d9,Denmark,Drama,9,1827.0,112.33333333333333,1102.4444444444443,1.58324775,9,9,15.5375,9,7.377777777777778,6997.666666666667,8,1,9,1.0,Europe,theme_country
109,617bac52bb4e5a1c485778da,Denmark,Fantasy,1,54.0,126.0,147.0,,1,1,,1,8.1,0.0,0,1,1,1.0,Europe,theme_country
110,617bac52bb4e5a1c485778db,Denmark,History,1,80.0,45.0,28.0,0.145109,1,1,45.0,1,7.3,1098.0,1,0,1,1.0,Europe,theme_country
111,617bac52bb4e5a1c485778dc,Denmark,Music,1,177.0,140.0,3000.0,4.157491,1,1,12.8,1,8.0,2894.0,1,0,1,1.0,Europe,theme_country
112,617bac52bb4e5a1c485778dd,Denmark,Musical,1,177.0,140.0,3000.0,4.157491,1,1,12.8,1,8.0,2894.0,1,0,1,1.0,Europe,theme_country
113,617bac52bb4e5a1c485778de,Denmark,Sci-Fi,3,491.0,113.66666666666667,1018.3333333333334,2.6259319999999997,3,3,21.2,3,6.3999999999999995,6385.666666666667,3,0,3,1.0,Europe,theme_country
114,617bac52bb4e5a1c485778df,Denmark,Thriller,2,130.0,83.0,41.5,1.1835515,2,2,40.0,2,6.85,2111.5,2,0,2,1.0,Europe,theme_country
115,617bac52bb4e5a1c485778e0,Denmark,War,1,80.0,45.0,28.0,0.145109,1,1,45.0,1,7.3,1098.0,1,0,1,1.0,Europe,theme_country
116,617bac52bb4e5a1c485778e1,Dominican Republic,Crime,1,1.0,101.0,0.0,,1,1,0.5,1,6.9,206.0,1,0,1,1.0,South America,theme_country
117,617bac52bb4e5a1c485778e2,Dominican Republic,Drama,1,1.0,101.0,0.0,,1,1,0.5,1,6.9,206.0,1,0,1,1.0,South America,theme_country
118,617bac52bb4e5a1c485778e3,Egypt,Documentary,1,68.0,108.0,63.0,,1,1,1.5,1,8.1,176.0,1,0,1,1.0,Africa,theme_country
119,617bac52bb4e5a1c485778e4,Egypt,Drama,1,68.0,108.0,63.0,,1,1,1.5,1,8.1,176.0,1,0,1,1.0,Africa,theme_country
120,617bac52bb4e5a1c485778e5,Egypt,History,1,68.0,108.0,63.0,,1,1,1.5,1,8.1,176.0,1,0,1,1.0,Africa,theme_country
121,617bac52bb4e5a1c485778e6,Egypt,News,1,68.0,108.0,63.0,,1,1,1.5,1,8.1,176.0,1,0,1,1.0,Africa,theme_country
122,617bac52bb4e5a1c485778e7,Finland,Comedy,1,205.0,93.0,592.0,0.611709,1,1,3.85,1,7.2,391.0,1,0,1,1.0,Europe,theme_country
123,617bac52bb4e5a1c485778e8,Finland,Drama,1,205.0,93.0,592.0,0.611709,1,1,3.85,1,7.2,391.0,1,0,1,1.0,Europe,theme_country
124,617bac52bb4e5a1c485778e9,France,Action,31,5586.0,102.7741935483871,522.3225806451613,39.942208551724136,31,31,37.54333333333333,31,6.477419354838709,12848.258064516129,30,1,31,1.0,Europe,theme_country
125,617bac52bb4e5a1c485778ea,France,Adventure,20,2223.0,104.9,65.3,13.52660823076923,20,20,61.60941176470589,20,6.2749999999999995,7047.45,20,0,20,1.0,Europe,theme_country
126,617bac52bb4e5a1c485778eb,France,Animation,12,1131.0,89.16666666666667,51.25,4.1053178571428575,12,12,27.509999999999998,12,6.6000000000000005,4150.583333333333,12,0,12,1.0,Europe,theme_country
127,617bac52bb4e5a1c485778ec,France,Biography,13,1896.0,137.23076923076923,1252.6666666666667,6.881218538461539,13,13,65.57300000000001,13,7.076923076923077,1284.7692307692307,12,1,13,1.0,Europe,theme_country
128,617bac52bb4e5a1c485778ed,France,Comedy,41,4359.0,103.07317073170732,115.02439024390245,6.277029518518516,41,41,27.578378378378375,41,6.602439024390244,3063.682926829268,38,3,41,1.0,Europe,theme_country
129,617bac52bb4e5a1c485778ee,France,Crime,39,4936.0,111.33333333333333,482.36842105263156,13.171198611111109,39,39,28.66060606060606,39,6.666666666666667,7589.7692307692305,38,1,39,1.0,Europe,theme_country
130,617bac52bb4e5a1c485778ef,France,Documentary,4,398.0,81.0,64.25,35.86053366666667,4,4,52.0375,4,7.699999999999999,2865.75,4,0,4,1.0,Europe,theme_country
131,617bac52bb4e5a1c485778f0,France,Drama,98,13194.0,114.22448979591837,426.40625,10.409774172839514,98,98,28.202715189873434,98,6.818367346938776,5341.540816326531,93,5,98,1.0,Europe,theme_country
132,617bac52bb4e5a1c485778f1,France,Family,12,850.0,97.08333333333333,54.916666666666664,5.203067285714285,12,12,56.10666666666667,12,6.625000000000001,3981.4166666666665,12,0,12,1.0,Europe,theme_country
133,617bac52bb4e5a1c485778f2,France,Fantasy,14,1468.0,98.57142857142857,120.92307692307692,2.9018034999999998,14,14,45.01666666666667,14,6.657142857142857,3189.5,14,0,14,1.0,Europe,theme_country
134,617bac52bb4e5a1c485778f3,France,History,9,892.0,135.77777777777777,1598.4444444444443,17.5554755,9,9,68.33333333333333,9,6.388888888888889,1306.5555555555557,8,1,9,1.0,Europe,theme_country
135,617bac52bb4e5a1c485778f4,France,Horror,13,2402.0,89.6923076923077,111.66666666666667,22.080825500000003,13,13,10.681818181818182,13,5.999999999999999,8285.23076923077,13,0,13,1.0,Europe,theme_country
136,617bac52bb4e5a1c485778f5,France,Music,10,721.0,109.9,108.0,1.6486306666666664,10,10,13.11161111111111,10,6.75,2393.0,10,0,10,1.0,Europe,theme_country
137,617bac52bb4e5a1c485778f6,France,Musical,3,175.0,114.66666666666667,139.33333333333334,3.076425,3,3,11.833333333333334,3,6.0,1195.3333333333333,3,0,3,1.0,Europe,theme_country
138,617bac52bb4e5a1c485778f7,France,Mystery,15,2732.0,110.86666666666666,277.42857142857144,9.573335384615385,15,15,25.272727272727273,15,6.760000000000001,5376.866666666667,14,1,15,1.0,Europe,theme_country
139,617bac52bb4e5a1c485778f8,France,Romance,33,3833.0,111.12121212121212,115.15151515151516,6.31671285185185,33,33,21.04658928571428,33,6.936363636363636,2209.151515151515,30,3,33,1.0,Europe,theme_country
140,617bac52bb4e5a1c485778f9,France,Sci-Fi,13,1980.0,105.15384615384616,65.53846153846153,32.94215281818182,13,13,45.666666666666664,13,6.269230769230769,8799.076923076924,13,0,13,1.0,Europe,theme_country
141,617bac52bb4e5a1c485778fa,France,Sport,1,7.0,110.0,18.0,,1,1,24.0,1,2.0,2725.0,1,0,1,1.0,Europe,theme_country
142,617bac52bb4e5a1c485778fb,France,Thriller,56,9376.0,113.125,652.6363636363636,25.17242971153846,56,56,28.40392156862745,56,6.494642857142857,9607.410714285714,52,4,56,1.0,Europe,theme_country
143,617bac52bb4e5a1c485778fc,France,War,15,1857.0,122.33333333333333,223.53333333333333,14.434871384615384,15,15,60.76428571428572,15,7.2266666666666675,6945.866666666667,12,3,15,1.0,Europe,theme_country
144,617bac52bb4e5a1c485778fd,France,Western,3,332.0,100.33333333333333,6.666666666666667,5.023275,3,3,18.233333333333334,3,6.833333333333333,5740.666666666667,3,0,3,1.0,Europe,theme_country
145,617bac52bb4e5a1c485778fe,Georgia,Action,1,74.0,113.0,212.0,0.017149,1,1,20.0,1,5.6,708.0,1,0,1,1.0,Europe,theme_country
146,617bac52bb4e5a1c485778ff,Georgia,Drama,1,74.0,113.0,212.0,0.017149,1,1,20.0,1,5.6,708.0,1,0,1,1.0,Europe,theme_country
147,617bac52bb4e5a1c48577900,Georgia,War,1,74.0,113.0,212.0,0.017149,1,1,20.0,1,5.6,708.0,1,0,1,1.0,Europe,theme_country
148,617bac52bb4e5a1c48577901,Germany,Action,26,4292.0,112.38461538461539,658.2692307692307,27.324160240000005,26,26,46.19230769230769,26,5.823076923076921,11927.846153846154,26,0,26,1.0,Europe,theme_country
149,617bac52bb4e5a1c48577902,Germany,Adventure,16,2579.0,111.1875,199.5625,41.1934442,16,16,64.75,16,5.7,10937.1875,16,0,16,1.0,Europe,theme_country
150,617bac52bb4e5a1c48577903,Germany,Animation,4,276.0,88.0,117.5,56.684656999999994,4,4,53.666666666666664,4,5.574999999999999,3817.5,4,0,4,1.0,Europe,theme_country
151,617bac52bb4e5a1c48577904,Germany,Biography,9,1144.0,145.77777777777777,44.44444444444444,11.467819125000002,9,9,31.944444444444443,9,7.21111111111111,8006.111111111111,9,0,9,1.0,Europe,theme_country
152,617bac52bb4e5a1c48577905,Germany,Comedy,32,2954.0,96.5,102.5625,34.697135200000005,32,32,31.22142857142857,32,5.765625,7160.65625,32,0,32,1.0,Europe,theme_country
153,617bac52bb4e5a1c48577906,Germany,Crime,29,4707.0,113.44827586206897,642.6206896551724,24.292510500000002,29,29,30.203703703703702,29,6.844827586206898,10436.965517241379,26,3,29,1.0,Europe,theme_country
154,617bac52bb4e5a1c48577907,Germany,Documentary,2,260.0,105.0,454.5,10.664801,2,2,4.0,2,7.75,889.5,1,1,2,1.0,Europe,theme_country
155,617bac52bb4e5a1c48577908,Germany,Drama,54,8481.0,120.12962962962963,199.35185185185185,23.462437204081635,54,54,31.554285714285715,54,6.907407407407409,9334.592592592593,47,7,54,1.0,Europe,theme_country
156,617bac52bb4e5a1c48577909,Germany,Family,12,1244.0,91.66666666666667,66.25,48.85373972727273,12,12,53.0,12,5.341666666666668,4067.6666666666665,12,0,12,1.0,Europe,theme_country
157,617bac52bb4e5a1c4857790a,Germany,Fantasy,11,1620.0,108.45454545454545,199.0909090909091,41.4593033,11,11,57.36363636363637,11,5.863636363636363,6996.090909090909,11,0,11,1.0,Europe,theme_country
158,617bac52bb4e5a1c4857790b,Germany,History,3,486.0,167.33333333333334,52.0,19.8978555,3,3,66.16666666666667,3,6.966666666666666,9025.0,3,0,3,1.0,Europe,theme_country
159,617bac52bb4e5a1c4857790c,Germany,Horror,10,1892.0,95.0,142.9,38.8495125,10,10,29.984999999999996,10,5.89,8621.5,10,0,10,1.0,Europe,theme_country
160,617bac52bb4e5a1c4857790d,Germany,Music,2,115.0,93.0,5.0,15.1741315,2,2,12.0,2,4.4,2001.0,2,0,2,1.0,Europe,theme_country
161,617bac52bb4e5a1c4857790e,Germany,Mystery,11,1806.0,113.36363636363636,158.72727272727272,21.84961636363636,11,11,29.09090909090909,11,6.59090909090909,12060.727272727272,10,1,11,1.0,Europe,theme_country
162,617bac52bb4e5a1c4857790f,Germany,Romance,24,2394.0,108.625,88.5,27.32327260869565,24,24,31.388571428571428,24,6.075,7486.375,22,2,24,1.0,Europe,theme_country
163,617bac52bb4e5a1c48577910,Germany,Sci-Fi,11,2179.0,111.63636363636364,279.1818181818182,23.6247394,11,11,39.42363636363637,11,6.081818181818182,10118.818181818182,10,1,11,1.0,Europe,theme_country
164,617bac52bb4e5a1c48577911,Germany,Sport,4,337.0,103.25,61.5,27.054872,4,4,14.9,4,6.700000000000001,4916.75,4,0,4,1.0,Europe,theme_country
165,617bac52bb4e5a1c48577912,Germany,Thriller,33,5188.0,112.03030303030303,573.3333333333334,26.171011966666676,33,33,33.31363636363637,33,6.412121212121212,12814.242424242424,32,1,33,1.0,Europe,theme_country
166,617bac52bb4e5a1c48577913,Germany,War,6,859.0,140.83333333333334,65.0,20.6786162,6,6,48.083333333333336,6,6.5,12695.333333333334,6,0,6,1.0,Europe,theme_country
167,617bac52bb4e5a1c48577914,Greece,Adventure,1,263.0,112.0,337.0,3.707794,1,1,18.0,1,6.7,5671.0,1,0,1,1.0,Europe,theme_country
168,617bac52bb4e5a1c48577915,Greece,Drama,2,474.0,103.0,294.5,1.9089954999999998,2,2,18.0,2,7.0,2898.5,2,0,2,1.0,Europe,theme_country
169,617bac52bb4e5a1c48577916,Greece,Sci-Fi,1,263.0,112.0,337.0,3.707794,1,1,18.0,1,6.7,5671.0,1,0,1,1.0,Europe,theme_country
170,617bac52bb4e5a1c48577917,Greece,Thriller,2,474.0,103.0,294.5,1.9089954999999998,2,2,18.0,2,7.0,2898.5,2,0,2,1.0,Europe,theme_country
171,617bac52bb4e5a1c48577918,Hong Kong,Action,13,1872.0,100.78571428571429,55.5,14.903066833333332,14,14,27.00769230769231,14,6.707142857142856,3833.714285714286,12,1,14,1.0,Asia,theme_country
172,617bac52bb4e5a1c48577919,Hong Kong,Adventure,1,191.0,87.0,14.0,54.132596,1,1,34.0,1,6.3,16571.0,1,0,1,1.0,Asia,theme_country
173,617bac52bb4e5a1c4857791a,Hong Kong,Animation,2,329.0,90.5,28.0,36.84033,2,2,49.5,2,6.3,19968.0,2,0,2,1.0,Asia,theme_country
174,617bac52bb4e5a1c4857791b,Hong Kong,Biography,2,351.0,113.5,12.5,4.3603235,2,2,37.3,2,6.85,779.0,2,0,2,1.0,Asia,theme_country
175,617bac52bb4e5a1c4857791c,Hong Kong,Comedy,9,1335.0,92.88888888888889,63.44444444444444,18.904938,9,9,25.642857142857142,9,6.655555555555556,4926.333333333333,8,1,9,1.0,Asia,theme_country
176,617bac52bb4e5a1c4857791d,Hong Kong,Crime,4,603.0,101.2,124.4,9.942755,5,5,19.25,5,6.739999999999999,580.4,4,0,5,1.0,Asia,theme_country
177,617bac52bb4e5a1c4857791e,Hong Kong,Drama,5,896.0,113.83333333333333,9.833333333333334,1.9955767999999998,6,6,25.266666666666666,6,7.016666666666667,5260.5,4,1,6,1.0,Asia,theme_country
178,617bac52bb4e5a1c4857791f,Hong Kong,Family,3,412.0,89.0,18.666666666666668,24.629112666666668,3,3,49.5,3,6.366666666666667,13339.333333333334,3,0,3,1.0,Asia,theme_country
179,617bac52bb4e5a1c48577920,Hong Kong,Fantasy,3,666.0,98.0,6.0,31.115414,3,3,31.666666666666668,3,6.433333333333334,6080.666666666667,3,0,3,1.0,Asia,theme_country
180,617bac52bb4e5a1c48577921,Hong Kong,History,2,184.0,109.0,28.0,1.1277445,2,2,38.0,2,7.15,3441.0,2,0,2,1.0,Asia,theme_country
181,617bac52bb4e5a1c48577922,Hong Kong,Romance,3,492.0,112.33333333333333,10.333333333333334,0.419079,3,3,20.666666666666668,3,7.1000000000000005,9669.666666666666,2,1,3,1.0,Asia,theme_country
182,617bac52bb4e5a1c48577923,Hong Kong,Sci-Fi,4,606.0,99.0,14.0,18.53720475,4,4,37.0,4,6.65,10599.0,3,1,4,1.0,Asia,theme_country
183,617bac52bb4e5a1c48577924,Hong Kong,Sport,1,246.0,85.0,0.0,0.488872,1,1,10.0,1,7.3,700.0,0,1,1,1.0,Asia,theme_country
184,617bac52bb4e5a1c48577925,Hong Kong,Thriller,1,151.0,114.5,73.0,0.049413,2,2,25.0,2,7.199999999999999,697.0,1,0,2,1.0,Asia,theme_country
185,617bac52bb4e5a1c48577926,Hong Kong,War,1,106.0,113.0,31.0,0.128978,1,1,40.0,1,7.1,6267.0,1,0,1,1.0,Asia,theme_country
186,617bac52bb4e5a1c48577927,Hungary,Adventure,1,94.0,109.0,15.0,23.179303,1,1,20.0,1,5.8,4257.0,1,0,1,1.0,Europe,theme_country
187,617bac52bb4e5a1c48577928,Hungary,Comedy,1,94.0,109.0,15.0,23.179303,1,1,20.0,1,5.8,4257.0,1,0,1,1.0,Europe,theme_country
188,617bac52bb4e5a1c48577929,Hungary,Drama,1,73.0,134.0,45.0,0.195888,1,1,2500.0,1,7.1,11.0,1,0,1,1.0,Europe,theme_country
189,617bac52bb4e5a1c4857792a,Hungary,Family,1,94.0,109.0,15.0,23.179303,1,1,20.0,1,5.8,4257.0,1,0,1,1.0,Europe,theme_country
190,617bac52bb4e5a1c4857792b,Hungary,Romance,2,167.0,121.5,30.0,11.6875955,2,2,1260.0,2,6.449999999999999,2134.0,2,0,2,1.0,Europe,theme_country
191,617bac52bb4e5a1c4857792c,Hungary,War,1,73.0,134.0,45.0,0.195888,1,1,2500.0,1,7.1,11.0,1,0,1,1.0,Europe,theme_country
192,617bac52bb4e5a1c4857792d,Iceland,Comedy,1,66.0,81.0,4.0,0.011835,1,1,10.0,1,6.9,81.0,1,0,1,1.0,Europe,theme_country
193,617bac52bb4e5a1c4857792e,Iceland,Crime,1,16.0,511.0,,,1,1,,1,8.2,307.0,1,0,1,1.0,Europe,theme_country
194,617bac52bb4e5a1c4857792f,Iceland,Drama,3,143.0,230.33333333333334,16.5,0.015897,3,3,6.9,3,7.333333333333333,228.66666666666666,3,0,3,1.0,Europe,theme_country
195,617bac52bb4e5a1c48577930,Iceland,Romance,1,66.0,81.0,4.0,0.011835,1,1,10.0,1,6.9,81.0,1,0,1,1.0,Europe,theme_country
196,617bac52bb4e5a1c48577931,Iceland,Thriller,1,16.0,511.0,,,1,1,,1,8.2,307.0,1,0,1,1.0,Europe,theme_country
197,617bac52bb4e5a1c48577932,India,Action,7,192.0,136.0,33.57142857142857,2.25421225,7,7,158.106537,7,6.071428571428571,803.1428571428571,7,0,7,1.0,Asia,theme_country
198,617bac52bb4e5a1c48577933,India,Adventure,3,274.0,151.66666666666666,87.66666666666667,5.2583475,3,3,13.342049333333334,3,7.566666666666666,3234.0,3,0,3,1.0,Asia,theme_country
199,617bac52bb4e5a1c48577934,India,Animation,1,6.0,93.0,32.0,0.055202,1,1,,1,5.3,653.0,1,0,1,1.0,Asia,theme_country
200,617bac52bb4e5a1c48577935,India,Biography,3,37.0,134.66666666666666,31.666666666666668,0.240425,3,3,0.55,3,7.133333333333333,112.0,3,0,3,1.0,Asia,theme_country
201,617bac52bb4e5a1c48577936,India,Comedy,14,300.0,134.66666666666666,41.142857142857146,2.5534837777777777,14,14,85.7,14,6.1499999999999995,1210.5714285714287,14,0,14,1.0,Asia,theme_country
202,617bac52bb4e5a1c48577937,India,Crime,1,24.0,128.0,4.0,0.563699,1,1,,1,6.2,787.0,1,0,1,1.0,Asia,theme_country
203,617bac52bb4e5a1c48577938,India,Documentary,2,34.0,108.5,95.0,0.016892,2,2,0.42500000000000004,2,7.3,0.0,2,0,2,1.0,Asia,theme_country
204,617bac52bb4e5a1c48577939,India,Drama,23,999.0,141.7826086956522,87.0,2.8789829411764707,23,23,125.24567292307691,23,7.178260869565219,2736.8695652173915,22,1,23,1.0,Asia,theme_country
205,617bac52bb4e5a1c4857793a,India,Family,1,6.0,93.0,32.0,0.055202,1,1,,1,5.3,653.0,1,0,1,1.0,Asia,theme_country
206,617bac52bb4e5a1c4857793b,India,Fantasy,1,44.0,159.0,50.0,6.498,1,1,18.026148,1,8.4,554.0,1,0,1,1.0,Asia,theme_country
207,617bac52bb4e5a1c4857793c,India,History,4,90.0,144.0,22.75,1.2188780000000001,4,4,4.4,4,7.825,501.5,4,0,4,1.0,Asia,theme_country
208,617bac52bb4e5a1c4857793d,India,Music,4,74.0,152.25,78.75,1.7361995,4,4,4.25,4,6.125000000000001,3529.5,4,0,4,1.0,Asia,theme_country
209,617bac52bb4e5a1c4857793e,India,Musical,4,74.0,152.25,78.75,1.7361995,4,4,4.25,4,6.125000000000001,3529.5,4,0,4,1.0,Asia,theme_country
210,617bac52bb4e5a1c4857793f,India,Romance,18,615.0,137.0,79.38888888888889,2.6412971538461534,18,18,88.6106909090909,18,6.433333333333333,2302.8333333333335,17,1,18,1.0,Asia,theme_country
211,617bac52bb4e5a1c48577940,India,Sci-Fi,1,20.0,168.0,53.0,,1,1,10.0,1,6.3,616.0,1,0,1,1.0,Asia,theme_country
212,617bac52bb4e5a1c48577941,India,Thriller,7,328.0,128.33333333333334,42.142857142857146,1.558465,7,7,154.475,7,5.857142857142856,2062.714285714286,7,0,7,1.0,Asia,theme_country
213,617bac52bb4e5a1c48577942,India,War,3,117.0,133.0,143.66666666666666,3.5134860000000003,3,3,11.213073999999999,3,8.233333333333333,358.6666666666667,3,0,3,1.0,Asia,theme_country
214,617bac52bb4e5a1c48577943,Indonesia,Action,1,481.0,102.0,338.0,4.105123,1,1,1.1,1,7.6,1445.0,1,0,1,1.0,Asia,theme_country
215,617bac52bb4e5a1c48577944,Indonesia,Crime,1,481.0,102.0,338.0,4.105123,1,1,1.1,1,7.6,1445.0,1,0,1,1.0,Asia,theme_country
216,617bac52bb4e5a1c48577945,Indonesia,Thriller,1,481.0,102.0,338.0,4.105123,1,1,1.1,1,7.6,1445.0,1,0,1,1.0,Asia,theme_country
217,617bac52bb4e5a1c48577946,Iran,Action,1,2.0,127.0,109.0,1.0,1,1,14.0,1,6.5,17250.0,1,0,1,1.0,Asia,theme_country
218,617bac52bb4e5a1c48577947,Iran,Adventure,1,2.0,127.0,109.0,1.0,1,1,14.0,1,6.5,17250.0,1,0,1,1.0,Asia,theme_country
219,617bac52bb4e5a1c48577948,Iran,Drama,3,464.0,100.66666666666667,256.6666666666667,2.899224666666667,3,3,0.22999999999999998,3,8.133333333333333,868.6666666666666,3,0,3,1.0,Asia,theme_country
220,617bac52bb4e5a1c48577949,Iran,Family,1,46.0,89.0,373.0,0.925402,1,1,0.18,1,8.5,100.0,1,0,1,1.0,Asia,theme_country
221,617bac52bb4e5a1c4857794a,Iran,History,1,2.0,127.0,109.0,1.0,1,1,14.0,1,6.5,17250.0,1,0,1,1.0,Asia,theme_country
222,617bac52bb4e5a1c4857794b,Iran,Mystery,1,354.0,123.0,0.0,7.098492,1,1,0.5,1,8.4,2501.0,1,0,1,1.0,Asia,theme_country
223,617bac52bb4e5a1c4857794c,Ireland,Action,2,448.0,90.5,5.5,9.467842999999998,2,2,23.0,2,6.1,16957.5,2,0,2,1.0,Europe,theme_country
224,617bac52bb4e5a1c4857794d,Ireland,Biography,1,106.0,98.0,541.0,1.569918,1,1,17.0,1,6.9,409.0,1,0,1,1.0,Europe,theme_country
225,617bac52bb4e5a1c4857794e,Ireland,Comedy,4,503.0,90.0,24.0,7.736307999999998,4,4,17.0,4,6.325,1895.0,4,0,4,1.0,Europe,theme_country
226,617bac52bb4e5a1c4857794f,Ireland,Crime,3,421.0,94.0,201.0,2.310173333333333,3,3,11.5,3,6.866666666666667,2235.3333333333335,3,0,3,1.0,Europe,theme_country
227,617bac52bb4e5a1c48577950,Ireland,Drama,7,1195.0,101.85714285714286,284.85714285714283,4.027620857142857,7,7,10.545,7,7.142857142857143,1232.142857142857,7,0,7,1.0,Europe,theme_country
228,617bac52bb4e5a1c48577951,Ireland,Horror,3,200.0,85.0,7.666666666666667,0.128937,3,3,0.01,3,6.2,437.3333333333333,2,1,3,1.0,Europe,theme_country
229,617bac52bb4e5a1c48577952,Ireland,Music,1,232.0,85.0,109.0,9.437933,1,1,0.18,1,7.9,332.0,1,0,1,1.0,Europe,theme_country
230,617bac52bb4e5a1c48577953,Ireland,Mystery,1,123.0,111.0,277.0,0.548934,1,1,12.0,1,6.8,1554.0,1,0,1,1.0,Europe,theme_country
231,617bac52bb4e5a1c48577954,Ireland,Romance,5,589.0,92.0,85.2,5.5929908,5,5,13.393333333333333,5,6.640000000000001,1310.0,5,0,5,1.0,Europe,theme_country
232,617bac52bb4e5a1c48577955,Ireland,Thriller,4,815.0,93.75,150.75,6.4663445,4,4,15.333333333333334,4,6.6000000000000005,9473.25,4,0,4,1.0,Europe,theme_country
233,617bac52bb4e5a1c48577956,Ireland,War,1,169.0,127.0,644.0,1.829142,1,1,,1,7.5,128.0,1,0,1,1.0,Europe,theme_country
234,617bac52bb4e5a1c48577957,Israel,Animation,1,231.0,90.0,56.0,2.283276,1,1,1.5,1,8.0,56.0,1,0,1,1.0,Africa,theme_country
235,617bac52bb4e5a1c48577958,Israel,Biography,1,231.0,90.0,56.0,2.283276,1,1,1.5,1,8.0,56.0,1,0,1,1.0,Africa,theme_country
236,617bac52bb4e5a1c48577959,Israel,Comedy,1,51.0,90.0,21.0,0.155972,1,1,1.5,1,7.3,137.0,1,0,1,1.0,Africa,theme_country
237,617bac52bb4e5a1c4857795a,Israel,Documentary,3,359.0,91.66666666666667,20.0,1.5753266666666665,3,3,0.975,3,7.6000000000000005,19.666666666666668,3,0,3,1.0,Africa,theme_country
238,617bac52bb4e5a1c4857795b,Israel,Drama,2,282.0,90.0,38.5,1.219624,2,2,1.5,2,7.65,96.5,2,0,2,1.0,Africa,theme_country
239,617bac52bb4e5a1c4857795c,Israel,History,2,254.0,87.0,28.0,1.1587135,2,2,0.975,2,7.6,29.5,2,0,2,1.0,Africa,theme_country
240,617bac52bb4e5a1c4857795d,Israel,Romance,1,51.0,90.0,21.0,0.155972,1,1,1.5,1,7.3,137.0,1,0,1,1.0,Africa,theme_country
241,617bac52bb4e5a1c4857795e,Israel,War,2,336.0,95.5,30.0,2.3459145,2,2,1.5,2,7.8,28.0,2,0,2,1.0,Africa,theme_country
242,617bac52bb4e5a1c4857795f,Italy,Action,2,138.0,116.5,13.5,3.5,2,2,12.6,2,7.65,8619.5,2,0,2,1.0,Europe,theme_country
243,617bac52bb4e5a1c48577960,Italy,Adventure,2,30.0,97.0,49.0,,2,2,20.5,2,5.5,2588.5,2,0,2,1.0,Europe,theme_country
244,617bac52bb4e5a1c48577961,Italy,Biography,1,4.0,98.0,6.0,,1,1,15.0,1,5.7,192.0,1,0,1,1.0,Europe,theme_country
245,617bac52bb4e5a1c48577962,Italy,Comedy,6,302.0,108.5,239.0,4.8650356666666665,6,6,21.6,6,6.2,2050.6666666666665,6,0,6,1.0,Europe,theme_country
246,617bac52bb4e5a1c48577963,Italy,Crime,7,438.0,120.28571428571429,236.0,1.8028463333333333,7,7,25.3,7,7.2285714285714295,5317.0,7,0,7,1.0,Europe,theme_country
247,617bac52bb4e5a1c48577964,Italy,Drama,15,1336.0,121.66666666666667,302.14285714285717,3.9151342499999995,15,15,15.720833333333331,15,7.293333333333334,3855.3333333333335,15,0,15,1.0,Europe,theme_country
248,617bac52bb4e5a1c48577965,Italy,History,2,37.0,115.5,14.5,,2,2,31.5,2,6.05,2802.5,2,0,2,1.0,Europe,theme_country
249,617bac52bb4e5a1c48577966,Italy,Horror,3,288.0,92.66666666666667,438.3333333333333,0.2380025,3,3,3.5,3,5.2,1025.6666666666667,2,1,3,1.0,Europe,theme_country
250,617bac52bb4e5a1c48577967,Italy,Mystery,2,180.0,120.5,485.0,0.085433,2,2,21.75,2,7.25,3892.5,2,0,2,1.0,Europe,theme_country
251,617bac52bb4e5a1c48577968,Italy,Romance,6,543.0,114.16666666666667,374.3333333333333,1.3342662500000002,6,6,23.3,6,6.666666666666667,2449.0,6,0,6,1.0,Europe,theme_country
252,617bac52bb4e5a1c48577969,Italy,Thriller,3,94.0,87.0,31.5,,3,3,30.0,3,7.2,1232.3333333333333,3,0,3,1.0,Europe,theme_country
253,617bac52bb4e5a1c4857796a,Italy,War,2,78.0,125.5,93.5,14.348123,2,2,18.5,2,7.1,926.5,2,0,2,1.0,Europe,theme_country
254,617bac52bb4e5a1c4857796b,Italy,Western,3,467.0,128.66666666666666,0.0,4.8,3,3,2.1333333333333333,3,8.5,11737.333333333334,3,0,3,1.0,Europe,theme_country
255,617bac52bb4e5a1c4857796c,Japan,Action,12,811.0,116.0,44.72727272727273,11.102294142857142,12,12,483.2799886666667,12,6.875,3339.9166666666665,10,2,12,1.0,Asia,theme_country
256,617bac52bb4e5a1c4857796d,Japan,Adventure,14,1469.0,113.92857142857143,1869.6153846153845,9.535084375,14,14,518.1381725454546,14,7.135714285714284,2584.0,13,1,14,1.0,Asia,theme_country
257,617bac52bb4e5a1c4857796e,Japan,Animation,10,1415.0,102.5,2688.4444444444443,50.927915,10,10,647.2799886666667,10,7.38,3359.0,10,0,10,1.0,Asia,theme_country
258,617bac52bb4e5a1c4857796f,Japan,Comedy,4,632.0,104.25,40.25,116.74002275,4,4,37.625,4,5.75,2939.0,4,0,4,1.0,Asia,theme_country
259,617bac52bb4e5a1c48577970,Japan,Crime,1,78.0,111.0,62.0,0.094596,1,1,1.0,1,7.4,115.0,1,0,1,1.0,Asia,theme_country
260,617bac52bb4e5a1c48577971,Japan,Drama,8,482.0,134.0,26.5,4.975615400000001,8,8,176.0666666666667,8,7.2875,451.5,7,1,8,1.0,Asia,theme_country
261,617bac52bb4e5a1c48577972,Japan,Family,7,1029.0,93.14285714285714,3016.1666666666665,70.7516104,7,7,382.5866496666667,7,7.257142857142858,4352.285714285715,7,0,7,1.0,Asia,theme_country
262,617bac52bb4e5a1c48577973,Japan,Fantasy,6,933.0,99.33333333333333,4801.6,8.03507875,6,6,498.6,6,7.583333333333333,4567.166666666667,6,0,6,1.0,Asia,theme_country
263,617bac52bb4e5a1c48577974,Japan,History,1,79.0,160.0,130.0,14.5,1,1,25.0,1,7.5,1548.0,1,0,1,1.0,Asia,theme_country
264,617bac52bb4e5a1c48577975,Japan,Horror,4,221.0,109.5,30.0,13.4855625,4,4,14.0,4,6.924999999999999,836.75,4,0,4,1.0,Asia,theme_country
265,617bac52bb4e5a1c48577976,Japan,Mystery,2,219.0,99.0,32.0,13.4855625,2,2,14.0,2,5.65,974.5,2,0,2,1.0,Asia,theme_country
266,617bac52bb4e5a1c48577977,Japan,Romance,1,332.0,129.0,0.0,110.00826,1,1,35.0,1,6.3,1450.0,1,0,1,1.0,Asia,theme_country
267,617bac52bb4e5a1c48577978,Japan,Sci-Fi,8,509.0,114.0,31.25,3.6289800000000003,8,8,714.2533163333334,8,6.95,424.125,8,0,8,1.0,Asia,theme_country
268,617bac52bb4e5a1c48577979,Japan,Thriller,5,416.0,104.4,55.0,12.5204864,5,5,639.1039796,5,6.1,7269.0,4,1,5,1.0,Asia,theme_country
269,617bac52bb4e5a1c4857797a,Japan,War,1,79.0,160.0,130.0,14.5,1,1,25.0,1,7.5,1548.0,1,0,1,1.0,Asia,theme_country
270,617bac52bb4e5a1c4857797b,Japan,Western,1,63.0,107.0,0.0,18.636537,1,1,32.0,1,6.4,29743.0,0,1,1,1.0,Asia,theme_country
271,617bac52bb4e5a1c4857797c,Kenya,Drama,1,6.0,60.0,0.0,,1,1,0.015,1,7.4,170.0,0,1,1,1.0,Africa,theme_country
272,617bac52bb4e5a1c4857797d,Kyrgyzstan,Action,1,16.0,135.0,135.0,,1,1,1.4,1,8.7,0.0,1,0,1,1.0,Asia,theme_country
273,617bac52bb4e5a1c4857797e,Kyrgyzstan,Biography,1,16.0,135.0,135.0,,1,1,1.4,1,8.7,0.0,1,0,1,1.0,Asia,theme_country
274,617bac52bb4e5a1c4857797f,Kyrgyzstan,Drama,1,16.0,135.0,135.0,,1,1,1.4,1,8.7,0.0,1,0,1,1.0,Asia,theme_country
275,617bac52bb4e5a1c48577980,Kyrgyzstan,History,1,16.0,135.0,135.0,,1,1,1.4,1,8.7,0.0,1,0,1,1.0,Asia,theme_country
276,617bac52bb4e5a1c48577981,Libya,Biography,1,24.0,156.0,278.0,,1,1,35.0,1,8.4,1573.0,0,1,1,1.0,Africa,theme_country
277,617bac52bb4e5a1c48577982,Libya,Drama,1,24.0,156.0,278.0,,1,1,35.0,1,8.4,1573.0,0,1,1,1.0,Africa,theme_country
278,617bac52bb4e5a1c48577983,Libya,History,1,24.0,156.0,278.0,,1,1,35.0,1,8.4,1573.0,0,1,1,1.0,Africa,theme_country
279,617bac52bb4e5a1c48577984,Libya,War,1,24.0,156.0,278.0,,1,1,35.0,1,8.4,1573.0,0,1,1,1.0,Africa,theme_country
280,617bac52bb4e5a1c48577985,Mexico,Action,1,5.0,101.0,0.0,3.105269,1,1,3.0,1,5.0,1335.0,1,0,1,1.0,South America,theme_country
281,617bac52bb4e5a1c48577986,Mexico,Adventure,3,264.0,105.66666666666667,13.666666666666666,9.201070333333332,3,3,2.0,3,7.033333333333334,1117.3333333333333,3,0,3,1.0,South America,theme_country
282,617bac52bb4e5a1c48577987,Mexico,Animation,1,3.0,89.0,0.0,,1,1,8.0,1,4.4,370.0,1,0,1,1.0,South America,theme_country
283,617bac52bb4e5a1c48577988,Mexico,Comedy,6,295.0,101.33333333333333,68.0,12.517431799999999,6,6,3.2,6,6.583333333333333,838.3333333333334,6,0,6,1.0,South America,theme_country
284,617bac52bb4e5a1c48577989,Mexico,Crime,1,87.0,105.0,50.0,,1,1,1.0,1,6.8,351.0,1,0,1,1.0,South America,theme_country
285,617bac52bb4e5a1c4857798a,Mexico,Drama,14,1131.0,114.0,44.785714285714285,8.343268,14,14,5.509897916666667,14,7.128571428571428,1081.7142857142858,14,0,14,1.0,South America,theme_country
286,617bac52bb4e5a1c4857798b,Mexico,Family,1,3.0,89.0,0.0,,1,1,8.0,1,4.4,370.0,1,0,1,1.0,South America,theme_country
287,617bac52bb4e5a1c4857798c,Mexico,History,3,94.0,125.33333333333333,14.333333333333334,2.2416233333333335,3,3,8.106258333333335,3,6.533333333333334,750.0,3,0,3,1.0,South America,theme_country
288,617bac52bb4e5a1c4857798d,Mexico,Romance,3,345.0,109.66666666666667,20.666666666666668,9.665974499999999,3,3,1.5999999999999999,3,7.1000000000000005,419.3333333333333,3,0,3,1.0,South America,theme_country
289,617bac52bb4e5a1c4857798e,Mexico,Thriller,1,157.0,115.0,0.0,5.383834,1,1,2.0,1,8.1,318.0,1,0,1,1.0,South America,theme_country
290,617bac52bb4e5a1c4857798f,Mexico,War,3,100.0,125.33333333333333,19.666666666666668,4.086259666666667,3,3,13.606258333333335,3,6.733333333333333,2577.6666666666665,3,0,3,1.0,South America,theme_country
291,617bac52bb4e5a1c48577990,Mexico,Western,1,16.0,105.0,5.0,1.39177,1,1,,1,6.0,793.0,1,0,1,1.0,South America,theme_country
292,617bac52bb4e5a1c48577991,Netherlands,Action,1,59.0,89.0,130.0,,1,1,17.9,1,5.0,1243.0,1,0,1,1.0,Europe,theme_country
293,617bac52bb4e5a1c48577992,Netherlands,Adventure,1,59.0,89.0,130.0,,1,1,17.9,1,5.0,1243.0,1,0,1,1.0,Europe,theme_country
294,617bac52bb4e5a1c48577993,Netherlands,Comedy,1,19.0,95.0,53.0,,1,1,2.65,1,7.0,25.0,1,0,1,1.0,Europe,theme_country
295,617bac52bb4e5a1c48577994,Netherlands,Crime,1,54.0,122.0,4.0,0.713413,1,1,4.5,1,7.8,48.0,1,0,1,1.0,Europe,theme_country
296,617bac52bb4e5a1c48577995,Netherlands,Drama,4,415.0,116.25,197.0,1.8848883333333335,4,4,8.0375,4,7.425,720.5,4,0,4,1.0,Europe,theme_country
297,617bac52bb4e5a1c48577996,Netherlands,Fantasy,1,59.0,89.0,130.0,,1,1,17.9,1,5.0,1243.0,1,0,1,1.0,Europe,theme_country
298,617bac52bb4e5a1c48577997,Netherlands,History,1,111.0,103.0,12.0,0.54286,1,1,4.0,1,7.1,219.0,1,0,1,1.0,Europe,theme_country
299,617bac52bb4e5a1c48577998,Netherlands,Mystery,1,54.0,122.0,4.0,0.713413,1,1,4.5,1,7.8,48.0,1,0,1,1.0,Europe,theme_country
300,617bac52bb4e5a1c48577999,Netherlands,Thriller,1,231.0,145.0,719.0,4.398392,1,1,21.0,1,7.8,2590.0,1,0,1,1.0,Europe,theme_country
301,617bac52bb4e5a1c4857799a,Netherlands,War,2,342.0,124.0,365.5,2.470626,2,2,12.5,2,7.449999999999999,1404.5,2,0,2,1.0,Europe,theme_country
302,617bac52bb4e5a1c4857799b,New Line,Comedy,1,62.0,104.0,23.0,6.712451,1,1,90.0,1,4.4,3133.0,1,0,1,1.0,None,theme_country
303,617bac52bb4e5a1c4857799c,New Line,Romance,1,62.0,104.0,23.0,6.712451,1,1,90.0,1,4.4,3133.0,1,0,1,1.0,None,theme_country
304,617bac52bb4e5a1c4857799d,New Zealand,Action,6,1742.0,162.66666666666666,4.666666666666667,194.7311216,6,6,127.58333333333333,6,7.2,7944.833333333333,6,0,6,1.0,Oceania,theme_country
305,617bac52bb4e5a1c4857799e,New Zealand,Adventure,7,2100.0,161.57142857142858,2.5714285714285716,203.89791466666668,7,7,138.78571428571428,7,7.42857142857143,7835.857142857143,7,0,7,1.0,Oceania,theme_country
306,617bac52bb4e5a1c4857799f,New Zealand,Biography,3,250.0,108.66666666666667,29.333333333333332,2.821673333333333,3,3,10.333333333333334,3,7.633333333333333,9078.0,3,0,3,1.0,Oceania,theme_country
307,617bac52bb4e5a1c485779a0,New Zealand,Comedy,1,166.0,107.0,3.0,,1,1,0.35,1,6.8,165.0,1,0,1,1.0,Oceania,theme_country
308,617bac52bb4e5a1c485779a1,New Zealand,Crime,2,136.0,104.0,0.0,1.5249315,2,2,5.0,2,7.35,7348.0,2,0,2,1.0,Oceania,theme_country
309,617bac52bb4e5a1c485779a2,New Zealand,Documentary,1,31.0,91.0,9.0,0.287761,1,1,1.0,1,7.6,86.0,1,0,1,1.0,Oceania,theme_country
310,617bac52bb4e5a1c485779a3,New Zealand,Drama,12,2172.0,134.16666666666666,38.916666666666664,103.7387901,12,12,76.45,12,7.383333333333332,6217.25,12,0,12,1.0,Oceania,theme_country
311,617bac52bb4e5a1c485779a4,New Zealand,Family,1,149.0,101.0,51.0,20.772796,1,1,6.0,1,7.6,497.0,1,0,1,1.0,Oceania,theme_country
312,617bac52bb4e5a1c485779a5,New Zealand,Fantasy,3,814.0,145.0,6.333333333333333,191.5367326666667,3,3,129.33333333333334,3,7.533333333333334,11183.333333333334,3,0,3,1.0,Oceania,theme_country
313,617bac52bb4e5a1c485779a6,New Zealand,Horror,1,166.0,107.0,3.0,,1,1,0.35,1,6.8,165.0,1,0,1,1.0,Oceania,theme_country
314,617bac52bb4e5a1c485779a7,New Zealand,Music,1,83.0,121.0,319.0,40.158,1,1,7.0,1,7.6,1051.0,1,0,1,1.0,Oceania,theme_country
315,617bac52bb4e5a1c485779a8,New Zealand,Mystery,1,166.0,107.0,3.0,,1,1,0.35,1,6.8,165.0,1,0,1,1.0,Oceania,theme_country
316,617bac52bb4e5a1c485779a9,New Zealand,Romance,5,1514.0,166.4,63.8,139.472183,5,5,126.6,5,7.32,7398.4,5,0,5,1.0,Oceania,theme_country
317,617bac52bb4e5a1c485779aa,New Zealand,Sport,1,126.0,127.0,79.0,5.128124,1,1,25.0,1,7.9,12574.0,1,0,1,1.0,Oceania,theme_country
318,617bac52bb4e5a1c485779ab,New Zealand,Thriller,1,93.0,108.0,0.0,3.049135,1,1,5.0,1,7.4,14574.0,1,0,1,1.0,Oceania,theme_country
319,617bac52bb4e5a1c485779ac,New Zealand,Western,2,107.0,101.0,14.0,5.664251,2,2,25.75,2,6.4,1980.0,2,0,2,1.0,Oceania,theme_country
320,617bac52bb4e5a1c485779ad,Nigeria,Action,1,6.0,95.0,20.0,,1,1,7.5,1,5.6,409.0,1,0,1,1.0,Africa,theme_country
321,617bac52bb4e5a1c485779ae,Nigeria,Crime,1,6.0,95.0,20.0,,1,1,7.5,1,5.6,409.0,1,0,1,1.0,Africa,theme_country
322,617bac52bb4e5a1c485779af,Nigeria,Drama,1,6.0,95.0,20.0,,1,1,7.5,1,5.6,409.0,1,0,1,1.0,Africa,theme_country
323,617bac52bb4e5a1c485779b0,Nigeria,Thriller,1,6.0,95.0,20.0,,1,1,7.5,1,5.6,409.0,1,0,1,1.0,Africa,theme_country
324,617bac52bb4e5a1c485779b1,Norway,Adventure,1,6.0,92.0,8.0,,1,1,60.0,1,6.7,47.0,1,0,1,1.0,Europe,theme_country
325,617bac52bb4e5a1c485779b2,Norway,Comedy,4,648.0,82.0,34.333333333333336,0.20259899999999997,4,4,17.55,4,7.275,213.0,4,0,4,1.0,Europe,theme_country
326,617bac52bb4e5a1c485779b3,Norway,Crime,2,304.0,72.5,77.0,1.196752,2,2,32.15,2,7.85,461.0,2,0,2,1.0,Europe,theme_country
327,617bac52bb4e5a1c485779b4,Norway,Drama,6,812.0,92.83333333333333,109.4,0.5876133333333333,6,6,17.716666666666665,6,6.8,395.6666666666667,6,0,6,1.0,Europe,theme_country
328,617bac52bb4e5a1c485779b5,Norway,Family,1,6.0,92.0,8.0,,1,1,60.0,1,6.7,47.0,1,0,1,1.0,Europe,theme_country
329,617bac52bb4e5a1c485779b6,Norway,Fantasy,1,337.0,103.0,12.0,0.252652,1,1,19.9,1,7.0,44.0,1,0,1,1.0,Europe,theme_country
330,617bac52bb4e5a1c485779b7,Norway,Horror,2,561.0,97.0,43.5,0.1471805,2,2,10.35,2,6.7,80.0,2,0,2,1.0,Europe,theme_country
331,617bac52bb4e5a1c485779b8,Norway,Romance,1,88.0,129.0,440.0,,1,1,5.5,1,5.6,631.0,1,0,1,1.0,Europe,theme_country
332,617bac52bb4e5a1c485779b9,Norway,Thriller,1,284.0,100.0,77.0,1.196752,1,1,30.3,1,7.6,385.0,1,0,1,1.0,Europe,theme_country
333,617bac52bb4e5a1c485779ba,Official site,Drama,1,135.0,117.0,19.0,20.218921,1,1,15.0,1,6.3,4204.0,1,0,1,1.0,None,theme_country
334,617bac52bb4e5a1c485779bb,Official site,Music,1,135.0,117.0,19.0,20.218921,1,1,15.0,1,6.3,4204.0,1,0,1,1.0,None,theme_country
335,617bac52bb4e5a1c485779bc,Pakistan,Comedy,1,6.0,,3.0,,1,1,1.0,1,7.0,19.0,1,0,1,1.0,Asia,theme_country
336,617bac52bb4e5a1c485779bd,Pakistan,Family,1,6.0,,3.0,,1,1,1.0,1,7.0,19.0,1,0,1,1.0,Asia,theme_country
337,617bac52bb4e5a1c485779be,Panama,Action,1,0.0,105.0,23.0,,1,1,20.0,1,7.2,27425.0,1,0,1,1.0,South America,theme_country
338,617bac52bb4e5a1c485779bf,Panama,Biography,1,0.0,105.0,23.0,,1,1,20.0,1,7.2,27425.0,1,0,1,1.0,South America,theme_country
339,617bac52bb4e5a1c485779c0,Panama,Drama,1,0.0,105.0,23.0,,1,1,20.0,1,7.2,27425.0,1,0,1,1.0,South America,theme_country
340,617bac52bb4e5a1c485779c1,Panama,Sport,1,0.0,105.0,23.0,,1,1,20.0,1,7.2,27425.0,1,0,1,1.0,South America,theme_country
341,617bac52bb4e5a1c485779c2,Peru,Action,1,38.0,110.0,49.0,57.362581,1,1,45.0,1,5.4,13331.0,1,0,1,1.0,South America,theme_country
342,617bac52bb4e5a1c485779c3,Peru,Crime,1,38.0,110.0,49.0,57.362581,1,1,45.0,1,5.4,13331.0,1,0,1,1.0,South America,theme_country
343,617bac52bb4e5a1c485779c4,Peru,Drama,1,38.0,110.0,49.0,57.362581,1,1,45.0,1,5.4,13331.0,1,0,1,1.0,South America,theme_country
344,617bac52bb4e5a1c485779c5,Peru,Romance,1,38.0,110.0,49.0,57.362581,1,1,45.0,1,5.4,13331.0,1,0,1,1.0,South America,theme_country
345,617bac52bb4e5a1c485779c6,Peru,Thriller,1,38.0,110.0,49.0,57.362581,1,1,45.0,1,5.4,13331.0,1,0,1,1.0,South America,theme_country
346,617bac52bb4e5a1c485779c7,Philippines,Thriller,1,35.0,80.0,0.0,0.070071,1,1,0.007,1,6.3,0.0,1,0,1,1.0,Asia,theme_country
347,617bac52bb4e5a1c485779c8,Poland,Action,1,1.0,41.0,,,1,1,,1,7.4,74.0,1,0,1,1.0,Europe,theme_country
348,617bac52bb4e5a1c485779c9,Poland,Crime,1,1.0,41.0,,,1,1,,1,7.4,74.0,1,0,1,1.0,Europe,theme_country
349,617bac52bb4e5a1c485779ca,Poland,Drama,5,401.0,66.8,46.5,1.42488725,5,5,2.4,5,7.62,527.0,4,1,5,1.0,Europe,theme_country
350,617bac52bb4e5a1c485779cb,Poland,Horror,1,25.0,101.0,9.0,0.978908,1,1,2.4,1,5.1,2306.0,1,0,1,1.0,Europe,theme_country
351,617bac52bb4e5a1c485779cc,Poland,Mystery,1,25.0,101.0,9.0,0.978908,1,1,2.4,1,5.1,2306.0,1,0,1,1.0,Europe,theme_country
352,617bac52bb4e5a1c485779cd,Poland,Thriller,2,26.0,71.0,9.0,0.978908,2,2,2.4,2,6.25,1190.0,2,0,2,1.0,Europe,theme_country
353,617bac52bb4e5a1c485779ce,Romania,Comedy,2,166.0,100.0,49.0,17.01619,2,2,8.5,2,6.0,1577.5,2,0,2,1.0,Europe,theme_country
354,617bac52bb4e5a1c485779cf,Romania,Drama,3,256.0,109.66666666666667,65.66666666666667,1.185783,3,3,1.9193333333333333,3,7.166666666666667,284.0,3,0,3,1.0,Europe,theme_country
355,617bac52bb4e5a1c485779d0,Romania,Fantasy,1,148.0,88.0,64.0,17.01619,1,1,12.0,1,4.9,2567.0,1,0,1,1.0,Europe,theme_country
356,617bac52bb4e5a1c485779d1,Romania,Horror,1,148.0,88.0,64.0,17.01619,1,1,12.0,1,4.9,2567.0,1,0,1,1.0,Europe,theme_country
357,617bac52bb4e5a1c485779d2,Romania,Thriller,1,148.0,88.0,64.0,17.01619,1,1,12.0,1,4.9,2567.0,1,0,1,1.0,Europe,theme_country
358,617bac52bb4e5a1c485779d3,Russia,Action,2,274.0,111.0,17.5,7.268659,2,2,24.75,2,5.449999999999999,1723.5,2,0,2,1.0,Asia,theme_country
359,617bac52bb4e5a1c485779d4,Russia,Adventure,7,238.0,102.57142857142857,11.285714285714286,5.701643,7,7,20.214285714285715,7,5.728571428571429,442.2857142857143,7,0,7,1.0,Asia,theme_country
360,617bac52bb4e5a1c485779d5,Russia,Animation,3,31.0,83.33333333333333,0.0,,3,3,20.666666666666668,3,4.866666666666667,165.0,3,0,3,1.0,Asia,theme_country
361,617bac52bb4e5a1c485779d6,Russia,Biography,1,160.0,126.0,44.0,5.701643,1,1,20.0,1,7.3,653.0,1,0,1,1.0,Asia,theme_country
362,617bac52bb4e5a1c485779d7,Russia,Comedy,2,276.0,96.0,0.0,7.268659,2,2,22.5,2,5.4,1448.0,2,0,2,1.0,Asia,theme_country
363,617bac52bb4e5a1c485779d8,Russia,Crime,1,260.0,107.0,0.0,7.268659,1,1,20.0,1,5.6,2848.0,1,0,1,1.0,Asia,theme_country
364,617bac52bb4e5a1c485779d9,Russia,Drama,4,392.0,130.5,128.0,3.1018355,4,4,10.333333333333334,4,7.375,223.0,3,1,4,1.0,Asia,theme_country
365,617bac52bb4e5a1c485779da,Russia,Family,2,26.0,82.5,0.0,,2,2,16.0,2,5.25,133.0,2,0,2,1.0,Asia,theme_country
366,617bac52bb4e5a1c485779db,Russia,Fantasy,3,262.0,98.66666666666667,111.66666666666667,1.487477,3,3,20.066666666666666,3,5.333333333333333,533.6666666666666,3,0,3,1.0,Asia,theme_country
367,617bac52bb4e5a1c485779dc,Russia,History,1,160.0,126.0,44.0,5.701643,1,1,20.0,1,7.3,653.0,1,0,1,1.0,Asia,theme_country
368,617bac52bb4e5a1c485779dd,Russia,Mystery,2,128.0,103.0,222.5,0.502028,2,2,26.0,2,6.7,607.0,2,0,2,1.0,Asia,theme_country
369,617bac52bb4e5a1c485779de,Russia,Sci-Fi,2,135.0,146.0,29.0,,2,2,18.25,2,6.0,303.5,1,1,2,1.0,Asia,theme_country
370,617bac52bb4e5a1c485779df,Russia,Thriller,4,620.0,104.25,195.0,3.086054666666667,4,4,16.733333333333334,4,6.375,1067.0,4,0,4,1.0,Asia,theme_country
371,617bac52bb4e5a1c485779e0,Russia,War,1,160.0,126.0,44.0,5.701643,1,1,20.0,1,7.3,653.0,1,0,1,1.0,Asia,theme_country
372,617bac52bb4e5a1c485779e1,Slovakia,Biography,1,25.0,141.0,15.0,,1,1,,1,6.0,2528.0,1,0,1,1.0,Europe,theme_country
373,617bac52bb4e5a1c485779e2,Slovakia,Drama,1,25.0,141.0,15.0,,1,1,,1,6.0,2528.0,1,0,1,1.0,Europe,theme_country
374,617bac52bb4e5a1c485779e3,Slovakia,Fantasy,1,25.0,141.0,15.0,,1,1,,1,6.0,2528.0,1,0,1,1.0,Europe,theme_country
375,617bac52bb4e5a1c485779e4,Slovakia,History,1,25.0,141.0,15.0,,1,1,,1,6.0,2528.0,1,0,1,1.0,Europe,theme_country
376,617bac52bb4e5a1c485779e5,Slovenia,Comedy,1,2.0,83.0,0.0,,1,1,0.5,1,6.4,0.0,1,0,1,1.0,Europe,theme_country
377,617bac52bb4e5a1c485779e6,South Africa,Action,2,502.0,115.5,333.5,57.8255965,2,2,16.0,2,7.9,1362.5,2,0,2,1.0,Africa,theme_country
378,617bac52bb4e5a1c485779e7,South Africa,Adventure,3,81.0,87.33333333333333,34.333333333333336,,3,3,14.666666666666666,3,5.433333333333334,15439.333333333334,3,0,3,1.0,Africa,theme_country
379,617bac52bb4e5a1c485779e8,South Africa,Animation,2,78.0,84.0,0.0,,2,2,20.0,2,5.8,22584.0,2,0,2,1.0,Africa,theme_country
380,617bac52bb4e5a1c485779e9,South Africa,Biography,2,20.0,99.0,69.5,,2,2,9.5,2,5.35,975.5,2,0,2,1.0,Africa,theme_country
381,617bac52bb4e5a1c485779ea,South Africa,Comedy,1,39.0,83.0,0.0,,1,1,20.0,1,5.8,15680.0,1,0,1,1.0,Africa,theme_country
382,617bac52bb4e5a1c485779eb,South Africa,Crime,1,30.0,119.0,5.0,0.004958,1,1,2.0,1,7.8,86.0,1,0,1,1.0,Africa,theme_country
383,617bac52bb4e5a1c485779ec,South Africa,Drama,5,253.0,106.0,66.4,22.547003,5,5,11.2,5,6.38,7724.4,4,1,5,1.0,Africa,theme_country
384,617bac52bb4e5a1c485779ed,South Africa,Family,2,78.0,84.0,0.0,,2,2,20.0,2,5.8,22584.0,2,0,2,1.0,Africa,theme_country
385,617bac52bb4e5a1c485779ee,South Africa,History,1,17.0,104.0,36.0,,1,1,15.0,1,6.0,801.0,1,0,1,1.0,Africa,theme_country
386,617bac52bb4e5a1c485779ef,South Africa,Romance,2,201.0,95.5,139.5,45.089048,2,2,14.5,2,5.6,18607.0,1,1,2,1.0,Africa,theme_country
387,617bac52bb4e5a1c485779f0,South Africa,Sci-Fi,2,670.0,104.5,419.0,80.3676415,2,2,27.5,2,7.25,19351.5,1,1,2,1.0,Africa,theme_country
388,617bac52bb4e5a1c485779f1,South Africa,Thriller,1,472.0,112.0,662.0,115.646235,1,1,30.0,1,8.0,2639.0,1,0,1,1.0,Africa,theme_country
389,617bac52bb4e5a1c485779f2,South Korea,Action,7,879.0,124.14285714285714,154.14285714285714,3.3579484,7,7,19.603333333333335,7,6.528571428571429,4614.571428571428,7,0,7,1.0,Asia,theme_country
390,617bac52bb4e5a1c485779f3,South Korea,Adventure,2,160.0,110.0,209.5,0.128486,2,2,10.0,2,6.05,1414.0,2,0,2,1.0,Asia,theme_country
391,617bac52bb4e5a1c485779f4,South Korea,Animation,1,8.0,85.0,0.0,,1,1,10.0,1,4.8,2259.0,1,0,1,1.0,Asia,theme_country
392,617bac52bb4e5a1c485779f5,South Korea,Comedy,4,562.0,112.0,257.75,0.831163,4,4,4079.633333333333,4,5.9,1212.5,4,0,4,1.0,Asia,theme_country
393,617bac52bb4e5a1c485779f6,South Korea,Crime,1,202.0,112.0,0.0,0.211667,1,1,4200.0,1,7.7,907.0,1,0,1,1.0,Asia,theme_country
394,617bac52bb4e5a1c485779f7,South Korea,Drama,10,1607.0,121.6,133.6,3.0365178571428575,10,10,1841.5688888888892,10,6.42,3736.9,10,0,10,1.0,Asia,theme_country
395,617bac52bb4e5a1c485779f8,South Korea,Fantasy,2,170.0,131.5,34.5,5.863504,2,2,35.0,2,5.65,1662.0,2,0,2,1.0,Asia,theme_country
396,617bac52bb4e5a1c485779f9,South Korea,History,2,12.0,127.5,62.0,0.031662,2,2,30.31,2,4.75,8418.5,2,0,2,1.0,Asia,theme_country
397,617bac52bb4e5a1c485779fa,South Korea,Horror,3,533.0,124.33333333333333,217.66666666666666,4.642806666666666,3,3,6125.25,3,6.1000000000000005,1499.0,3,0,3,1.0,Asia,theme_country
398,617bac52bb4e5a1c485779fb,South Korea,Mystery,2,382.0,138.0,21.5,1.4759595,2,2,3.0,2,8.05,451.0,2,0,2,1.0,Asia,theme_country
399,617bac52bb4e5a1c485779fc,South Korea,Sci-Fi,2,851.0,118.0,584.0,3.3822205,2,2,6127.35,2,7.0,6729.5,2,0,2,1.0,Asia,theme_country
400,617bac52bb4e5a1c485779fd,South Korea,Thriller,5,1006.0,122.4,131.0,4.617831750000001,5,5,25.733333333333334,5,6.4799999999999995,3335.0,5,0,5,1.0,Asia,theme_country
401,617bac52bb4e5a1c485779fe,South Korea,War,3,98.0,134.33333333333334,46.666666666666664,0.570924,3,3,24.473333333333333,3,5.866666666666667,6189.0,3,0,3,1.0,Asia,theme_country
402,617bac52bb4e5a1c485779ff,South Korea,Western,1,152.0,135.0,419.0,0.128486,1,1,10.0,1,7.3,569.0,1,0,1,1.0,Asia,theme_country
403,617bac52bb4e5a1c48577a00,Soviet Union,Drama,1,144.0,115.0,0.0,,1,1,1.0,1,8.1,95.0,0,1,1,1.0,Asia,theme_country
404,617bac52bb4e5a1c48577a01,Soviet Union,Mystery,1,144.0,115.0,0.0,,1,1,1.0,1,8.1,95.0,0,1,1,1.0,Asia,theme_country
405,617bac52bb4e5a1c48577a02,Soviet Union,Sci-Fi,1,144.0,115.0,0.0,,1,1,1.0,1,8.1,95.0,0,1,1,1.0,Asia,theme_country
406,617bac52bb4e5a1c48577a03,Spain,Action,2,102.0,111.5,1.5,0.2144815,2,2,11.35,2,6.4,2327.5,2,0,2,1.0,Europe,theme_country
407,617bac52bb4e5a1c48577a04,Spain,Adventure,5,541.0,117.0,132.2,14.337184,5,5,46.5,5,6.539999999999999,7629.2,5,0,5,1.0,Europe,theme_country
408,617bac52bb4e5a1c48577a05,Spain,Animation,2,238.0,98.5,98.5,42.19406,2,2,46.0,2,6.4,11349.0,2,0,2,1.0,Europe,theme_country
409,617bac52bb4e5a1c48577a06,Spain,Biography,2,234.0,113.5,522.0,1.5773685,2,2,23.0,2,7.0,2013.0,2,0,2,1.0,Europe,theme_country
410,617bac52bb4e5a1c48577a07,Spain,Comedy,4,939.0,104.75,2765.0,28.0142065,4,4,30.333333333333332,4,7.2749999999999995,6198.0,4,0,4,1.0,Europe,theme_country
411,617bac52bb4e5a1c48577a08,Spain,Crime,4,593.0,110.5,211.25,3.790421,4,4,12.5,4,6.525,3405.5,4,0,4,1.0,Europe,theme_country
412,617bac52bb4e5a1c48577a09,Spain,Drama,24,3680.0,109.875,588.5416666666666,5.885084894736842,24,24,52.07105263157895,24,6.833333333333333,6483.25,24,0,24,1.0,Europe,theme_country
413,617bac52bb4e5a1c48577a0a,Spain,Family,2,238.0,98.5,98.5,42.19406,2,2,46.0,2,6.4,11349.0,2,0,2,1.0,Europe,theme_country
414,617bac52bb4e5a1c48577a0b,Spain,Fantasy,2,893.0,103.0,5500.0,47.2199025,2,2,15.25,2,7.949999999999999,1305.5,2,0,2,1.0,Europe,theme_country
415,617bac52bb4e5a1c48577a0c,Spain,History,3,221.0,135.66666666666666,153.66666666666666,0.4235755,3,3,35.11666666666667,3,6.5,5401.0,3,0,3,1.0,Europe,theme_country
416,617bac52bb4e5a1c48577a0d,Spain,Horror,5,1033.0,89.0,67.2,0.032566,5,5,5.74,5,6.94,5357.4,5,0,5,1.0,Europe,theme_country
417,617bac52bb4e5a1c48577a0e,Spain,Music,1,35.0,115.0,98.0,1.687311,1,1,700.0,1,7.2,371.0,1,0,1,1.0,Europe,theme_country
418,617bac52bb4e5a1c48577a0f,Spain,Musical,1,35.0,115.0,98.0,1.687311,1,1,700.0,1,7.2,371.0,1,0,1,1.0,Europe,theme_country
419,617bac52bb4e5a1c48577a10,Spain,Mystery,9,1796.0,106.11111111111111,363.3333333333333,5.255167875,9,9,12.285714285714286,9,6.7444444444444445,11159.333333333334,9,0,9,1.0,Europe,theme_country
420,617bac52bb4e5a1c48577a11,Spain,Romance,8,1221.0,115.5,2882.125,13.893221166666665,8,8,21.407142857142855,8,7.1625000000000005,5122.125,8,0,8,1.0,Europe,theme_country
421,617bac52bb4e5a1c48577a12,Spain,Sci-Fi,2,329.0,78.5,39.0,21.116084,2,2,36.3,2,6.65,11453.5,2,0,2,1.0,Europe,theme_country
422,617bac52bb4e5a1c48577a13,Spain,Sport,1,82.0,106.0,195.0,,1,1,22.0,1,6.7,30.0,1,0,1,1.0,Europe,theme_country
423,617bac52bb4e5a1c48577a14,Spain,Thriller,13,2366.0,106.07692307692308,279.46153846153845,5.468937777777779,13,13,15.0,13,6.653846153846154,11390.23076923077,13,0,13,1.0,Europe,theme_country
424,617bac52bb4e5a1c48577a15,Spain,War,4,524.0,120.0,152.25,12.973615333333333,4,4,21.2125,4,6.6,4798.25,4,0,4,1.0,Europe,theme_country
425,617bac52bb4e5a1c48577a16,Spain,Western,2,102.0,111.5,1.5,0.2144815,2,2,11.35,2,6.4,2327.5,2,0,2,1.0,Europe,theme_country
426,617bac52bb4e5a1c48577a17,Sweden,Action,3,124.0,160.66666666666666,53.333333333333336,0.18887,3,3,25.0,3,7.133333333333333,1539.0,3,0,3,1.0,Europe,theme_country
427,617bac52bb4e5a1c48577a18,Sweden,Adventure,1,34.0,270.0,5.0,,1,1,25.0,1,6.6,2762.0,1,0,1,1.0,Europe,theme_country
428,617bac52bb4e5a1c48577a19,Sweden,Comedy,1,34.0,133.0,10.0,0.00991,1,1,25.0,1,7.6,774.0,1,0,1,1.0,Europe,theme_country
429,617bac52bb4e5a1c48577a1a,Sweden,Crime,3,202.0,107.0,114.0,0.1852625,3,3,,3,7.566666666666666,662.0,3,0,3,1.0,Europe,theme_country
430,617bac52bb4e5a1c48577a1b,Sweden,Drama,5,346.0,145.4,56.2,0.12681166666666666,5,5,16.8,5,7.4,1066.6,5,0,5,1.0,Europe,theme_country
431,617bac52bb4e5a1c48577a1c,Sweden,Music,1,34.0,133.0,10.0,0.00991,1,1,25.0,1,7.6,774.0,1,0,1,1.0,Europe,theme_country
432,617bac52bb4e5a1c48577a1d,Sweden,Mystery,1,0.0,88.0,76.0,,1,1,,1,8.1,998.0,1,0,1,1.0,Europe,theme_country
433,617bac52bb4e5a1c48577a1e,Sweden,Romance,2,68.0,201.5,7.5,0.00991,2,2,25.0,2,7.1,1768.0,2,0,2,1.0,Europe,theme_country
434,617bac52bb4e5a1c48577a1f,Sweden,Thriller,2,90.0,106.0,77.5,0.18887,2,2,,2,7.4,927.5,2,0,2,1.0,Europe,theme_country
435,617bac52bb4e5a1c48577a20,Sweden,War,1,34.0,270.0,5.0,,1,1,25.0,1,6.6,2762.0,1,0,1,1.0,Europe,theme_country
436,617bac52bb4e5a1c48577a21,Switzerland,Biography,1,132.0,103.0,61.0,,1,1,30.0,1,5.7,2806.0,1,0,1,1.0,Europe,theme_country
437,617bac52bb4e5a1c48577a22,Switzerland,Comedy,1,10.0,97.0,32.0,,1,1,0.5,1,5.8,11839.0,0,1,1,1.0,Europe,theme_country
438,617bac52bb4e5a1c48577a23,Switzerland,Drama,1,132.0,103.0,61.0,,1,1,30.0,1,5.7,2806.0,1,0,1,1.0,Europe,theme_country
439,617bac52bb4e5a1c48577a24,Switzerland,Music,1,10.0,97.0,32.0,,1,1,0.5,1,5.8,11839.0,0,1,1,1.0,Europe,theme_country
440,617bac52bb4e5a1c48577a25,Switzerland,Mystery,1,64.0,112.0,0.0,,1,1,4.5,1,6.2,61.0,1,0,1,1.0,Europe,theme_country
441,617bac52bb4e5a1c48577a26,Switzerland,Romance,2,142.0,100.0,46.5,,2,2,15.25,2,5.75,7322.5,1,1,2,1.0,Europe,theme_country
442,617bac52bb4e5a1c48577a27,Switzerland,Sci-Fi,1,64.0,112.0,0.0,,1,1,4.5,1,6.2,61.0,1,0,1,1.0,Europe,theme_country
443,617bac52bb4e5a1c48577a28,Switzerland,Thriller,1,64.0,112.0,0.0,,1,1,4.5,1,6.2,61.0,1,0,1,1.0,Europe,theme_country
444,617bac52bb4e5a1c48577a29,Taiwan,Action,2,492.0,112.5,70.5,64.340682,2,2,15.0,2,7.15,650.5,2,0,2,1.0,Asia,theme_country
445,617bac52bb4e5a1c48577a2a,Taiwan,Drama,2,492.0,112.5,70.5,64.340682,2,2,15.0,2,7.15,650.5,2,0,2,1.0,Asia,theme_country
446,617bac52bb4e5a1c48577a2b,Taiwan,Romance,1,287.0,120.0,0.0,128.067808,1,1,15.0,1,7.9,129.0,1,0,1,1.0,Asia,theme_country
447,617bac52bb4e5a1c48577a2c,Thailand,Action,4,319.0,154.25,18.25,3.11549775,4,4,227.25,4,6.4,1293.25,4,0,4,1.0,Asia,theme_country
448,617bac52bb4e5a1c48577a2d,Thailand,Adventure,2,41.0,198.5,12.5,0.5019435,2,2,400.0,2,5.699999999999999,1277.0,2,0,2,1.0,Asia,theme_country
449,617bac52bb4e5a1c48577a2e,Thailand,Crime,2,178.0,103.5,33.5,5.9528405,2,2,104.5,2,6.4,2503.5,2,0,2,1.0,Asia,theme_country
450,617bac52bb4e5a1c48577a2f,Thailand,Drama,2,143.0,205.5,35.0,6.179887,2,2,300.0,2,6.85,1118.5,2,0,2,1.0,Asia,theme_country
451,617bac52bb4e5a1c48577a30,Thailand,Family,1,10.0,97.0,19.0,0.549632,1,1,,1,4.8,2522.0,1,0,1,1.0,Asia,theme_country
452,617bac52bb4e5a1c48577a31,Thailand,Fantasy,1,10.0,97.0,19.0,0.549632,1,1,,1,4.8,2522.0,1,0,1,1.0,Asia,theme_country
453,617bac52bb4e5a1c48577a32,Thailand,History,1,31.0,300.0,6.0,0.454255,1,1,400.0,1,6.6,32.0,1,0,1,1.0,Asia,theme_country
454,617bac52bb4e5a1c48577a33,Thailand,Thriller,2,178.0,103.5,33.5,5.9528405,2,2,104.5,2,6.4,2503.5,2,0,2,1.0,Asia,theme_country
455,617bac52bb4e5a1c48577a34,Thailand,War,1,31.0,300.0,6.0,0.454255,1,1,400.0,1,6.6,32.0,1,0,1,1.0,Asia,theme_country
456,617bac52bb4e5a1c48577a35,Turkey,Action,1,16.0,122.0,11.0,,1,1,8.3,1,6.0,808.0,1,0,1,1.0,Asia,theme_country
457,617bac52bb4e5a1c48577a36,Turkey,Adventure,1,16.0,122.0,11.0,,1,1,8.3,1,6.0,808.0,1,0,1,1.0,Asia,theme_country
458,617bac52bb4e5a1c48577a37,UK,Action,91,16801.0,114.86666666666666,160.69230769230768,49.31980132911394,91,91,46.80117647058823,91,6.513186813186812,8646.34065934066,86,5,91,1.0,Europe,theme_country
459,617bac52bb4e5a1c48577a38,UK,Adventure,98,17325.0,118.79591836734694,346.6530612244898,75.98875965909093,98,98,58.6322295212766,98,6.635714285714283,8019.397959183673,93,5,98,1.0,Europe,theme_country
460,617bac52bb4e5a1c48577a39,UK,Animation,12,1512.0,79.33333333333333,29.363636363636363,48.031061400000006,12,12,61.888888888888886,12,6.675000000000001,6950.583333333333,12,0,12,1.0,Europe,theme_country
461,617bac52bb4e5a1c48577a3a,UK,Biography,57,11053.0,120.56140350877193,202.31578947368422,21.09501586538461,57,57,19.673867924528306,57,7.291228070175438,11665.771929824561,54,3,57,1.0,Europe,theme_country
462,617bac52bb4e5a1c48577a3b,UK,Comedy,128,15872.0,100.03125,240.73387096774192,19.692375554545457,128,128,20.8603748490566,128,6.6546875000000005,6937.515625,125,3,128,1.0,Europe,theme_country
463,617bac52bb4e5a1c48577a3c,UK,Crime,76,10447.0,103.88311688311688,303.7083333333333,13.634534206896559,77,77,17.78608296923077,77,6.815584415584415,8921.844155844155,72,4,77,1.0,Europe,theme_country
464,617bac52bb4e5a1c48577a3d,UK,Documentary,11,817.0,86.9090909090909,39.72727272727273,2.9849714285714293,11,11,1.9299999999999997,11,7.5181818181818185,367.45454545454544,10,1,11,1.0,Europe,theme_country
465,617bac52bb4e5a1c48577a3e,UK,Drama,264,40102.0,112.8219696969697,231.6811023622047,22.86906245,265,265,20.704372925925924,265,6.996226415094344,9230.430188679245,250,14,265,1.0,Europe,theme_country
466,617bac52bb4e5a1c48577a3f,UK,Family,38,5566.0,104.94736842105263,706.4722222222222,99.44279694117647,38,38,76.18484848484849,38,6.378947368421054,11772.78947368421,38,0,38,1.0,Europe,theme_country
467,617bac52bb4e5a1c48577a40,UK,Fantasy,46,7464.0,110.1590909090909,588.3478260869565,87.51447725,46,46,57.898282317073175,46,6.608695652173913,10945.282608695652,45,1,46,1.0,Europe,theme_country
468,617bac52bb4e5a1c48577a41,UK,History,39,6374.0,133.55263157894737,181.05263157894737,19.76446353125,39,39,21.45986486486487,39,7.328205128205127,8270.76923076923,36,3,39,1.0,Europe,theme_country
469,617bac52bb4e5a1c48577a42,UK,Horror,40,6749.0,100.35,139.925,20.166536703703702,40,40,14.952941176470588,40,6.194999999999999,3983.975,39,1,40,1.0,Europe,theme_country
470,617bac52bb4e5a1c48577a43,UK,Music,30,3170.0,109.8,173.6,18.23692685714286,30,30,20.58375,30,6.783333333333331,6103.8,27,3,30,1.0,Europe,theme_country
471,617bac52bb4e5a1c48577a44,UK,Musical,9,681.0,120.66666666666667,170.88888888888889,22.631415666666665,9,9,28.07,9,6.68888888888889,4509.111111111111,7,2,9,1.0,Europe,theme_country
472,617bac52bb4e5a1c48577a45,UK,Mystery,50,10384.0,111.5,420.5531914893617,64.3925471111111,50,50,42.23581395348837,50,6.832000000000002,11986.2,49,1,50,1.0,Europe,theme_country
473,617bac52bb4e5a1c48577a46,UK,Romance,108,13354.0,113.58878504672897,220.02884615384616,20.502433505376345,108,108,19.397243505494504,108,6.873148148148148,10118.037037037036,103,5,108,1.0,Europe,theme_country
474,617bac52bb4e5a1c48577a47,UK,Sci-Fi,46,9998.0,106.76086956521739,124.80434782608695,30.565217897435897,46,46,26.727906976744183,46,6.363043478260869,5756.391304347826,45,1,46,1.0,Europe,theme_country
475,617bac52bb4e5a1c48577a48,UK,Short,1,9.0,42.0,0.0,7.518876,1,1,6.0,1,6.5,844.0,1,0,1,1.0,Europe,theme_country
476,617bac52bb4e5a1c48577a49,UK,Sport,14,2357.0,107.85714285714286,260.2857142857143,19.668734,14,14,20.681832636363637,14,7.192857142857142,10390.857142857143,13,1,14,1.0,Europe,theme_country
477,617bac52bb4e5a1c48577a4a,UK,Thriller,137,26085.0,110.51824817518248,296.9555555555556,40.83296899090913,137,137,33.95963734146341,137,6.654014598540145,7607.459854014599,129,8,137,1.0,Europe,theme_country
478,617bac52bb4e5a1c48577a4b,UK,War,33,3959.0,123.6875,155.0,19.707027666666672,33,33,22.948275862068964,33,7.030303030303029,11294.848484848484,30,3,33,1.0,Europe,theme_country
479,617bac52bb4e5a1c48577a4c,UK,Western,4,398.0,106.75,133.25,0.34565266666666666,4,4,13.818333333333333,4,6.35,12761.0,4,0,4,1.0,Europe,theme_country
480,617bac52bb4e5a1c48577a4d,USA,Action,856,157206.0,110.68837209302326,890.3278106508876,86.75058180551915,861,861,65.28233104778971,861,6.198606271777003,14038.731707317073,843,13,861,1.0,North America,theme_country
481,617bac52bb4e5a1c48577a4e,USA,Adventure,683,136116.0,110.78070175438596,870.589364844904,109.00038493522908,685,685,78.62911632432433,685,6.43138686131387,14483.859854014598,670,13,685,1.0,North America,theme_country
482,617bac52bb4e5a1c48577a4f,USA,Animation,181,29705.0,88.32417582417582,237.0,120.7075177321429,182,182,82.5633908045977,182,6.630219780219784,10749.401098901099,179,2,182,1.0,North America,theme_country
483,617bac52bb4e5a1c48577a50,USA,Biography,179,30506.0,125.94972067039106,2122.303370786517,45.394904975903636,179,179,27.968298741176476,179,7.1290502793296096,13200.201117318436,161,18,179,1.0,North America,theme_country
484,617bac52bb4e5a1c48577a51,USA,Comedy,1525,181948.0,98.99410609037328,498.8367754830113,52.903324643330805,1529,1529,32.68761074483248,1529,6.141334205362988,9888.25179856115,1482,43,1529,1.0,North America,theme_country
485,617bac52bb4e5a1c48577a52,USA,Crime,669,95370.0,108.40149253731343,1066.1290322580646,44.10114376400677,672,672,31.883101305111825,672,6.49494047619048,12141.921130952382,649,20,672,1.0,North America,theme_country
486,617bac52bb4e5a1c48577a53,USA,Documentary,90,5747.0,94.53333333333333,489.5056179775281,13.35291845070422,90,90,3.0997033188405796,90,7.0488888888888885,1994.6888888888889,85,5,90,1.0,North America,theme_country
487,617bac52bb4e5a1c48577a54,USA,Drama,1843,252548.0,112.04545454545455,990.8839533592449,40.927831074074,1852,1852,26.94489290974295,1852,6.692872570194384,10942.527537796976,1748,95,1852,1.0,North America,theme_country
488,617bac52bb4e5a1c48577a55,USA,Family,435,57196.0,96.93807339449542,427.5953488372093,94.09530257142853,436,436,61.385244514492754,436,6.24059633027523,10588.45642201835,424,11,436,1.0,North America,theme_country
489,617bac52bb4e5a1c48577a56,USA,Fantasy,486,85588.0,102.93415637860082,579.359243697479,90.69022946347027,487,487,63.00362931034482,487,6.261601642710473,13113.096509240246,473,13,487,1.0,North America,theme_country
490,617bac52bb4e5a1c48577a57,USA,Film-Noir,6,529.0,99.5,4376.166666666667,0.007927,6,6,1.5568754,6,7.633333333333334,1489.0,2,4,6,1.0,North America,theme_country
491,617bac52bb4e5a1c48577a58,USA,Game-Show,1,5.0,60.0,,,1,1,3.0,1,2.9,98.0,1,0,1,1.0,North America,theme_country
492,617bac52bb4e5a1c48577a59,USA,History,109,17419.0,142.4678899082569,1650.9719626168223,53.47835220224722,109,109,43.41946967647058,109,7.1082568807339435,10666.724770642202,98,11,109,1.0,North America,theme_country
493,617bac52bb4e5a1c48577a5a,USA,Horror,434,70725.0,98.53196347031964,281.8013856812933,37.11998955792684,438,438,18.276437068459668,438,5.771461187214611,7500.37899543379,417,17,438,1.0,North America,theme_country
494,617bac52bb4e5a1c48577a5b,USA,Music,264,27497.0,107.41666666666667,579.5019011406844,47.6911059606987,264,264,25.549550692307687,264,6.414393939393936,6483.064393939394,248,16,264,1.0,North America,theme_country
495,617bac52bb4e5a1c48577a5c,USA,Musical,110,12076.0,107.36363636363636,779.5818181818182,61.12599869230768,110,110,31.524048679611642,110,6.513636363636364,6525.390909090909,98,12,110,1.0,North America,theme_country
496,617bac52bb4e5a1c48577a5d,USA,Mystery,369,62847.0,105.46630727762803,1367.371104815864,48.8491701067961,371,371,33.805848728358214,371,6.402695417789755,10341.167115902965,354,15,371,1.0,North America,theme_country
497,617bac52bb4e5a1c48577a5e,USA,News,2,231.0,94.0,454.5,14.359793,2,2,0.913,2,7.25,1215.5,2,0,2,1.0,North America,theme_country
498,617bac52bb4e5a1c48577a5f,USA,Reality-TV,1,5.0,60.0,,,1,1,3.0,1,2.9,98.0,1,0,1,1.0,North America,theme_country
499,617bac52bb4e5a1c48577a60,USA,Romance,838,102580.0,107.73866348448688,580.2648125755744,48.150799300680326,839,839,29.10301952618135,839,6.367222884386183,10010.88915375447,802,36,839,1.0,North America,theme_country
500,617bac52bb4e5a1c48577a61,USA,Sci-Fi,479,97678.0,107.62421711899792,868.0625,94.61040481463424,480,480,65.55176962389382,480,6.280624999999995,12019.625,467,12,480,1.0,North America,theme_country
501,617bac52bb4e5a1c48577a62,USA,Short,4,2.0,22.5,11.0,0.333658,4,4,0.0235,4,6.35,994.0,4,0,4,1.0,North America,theme_country
502,617bac52bb4e5a1c48577a63,USA,Sport,151,17245.0,110.73509933774834,1033.5866666666666,45.551184795774624,151,151,33.12139861029413,151,6.556291390728476,9499.920529801324,138,13,151,1.0,North America,theme_country
503,617bac52bb4e5a1c48577a64,USA,Thriller,1043,171758.0,107.3632030505243,1003.7922330097088,52.28950436812569,1050,1050,37.972228277945604,1050,6.247428571428571,12321.611428571428,1021,22,1050,1.0,North America,theme_country
504,617bac52bb4e5a1c48577a65,USA,War,113,16656.0,132.21929824561403,1804.0,60.90376764835164,114,114,39.97508925225225,114,7.084210526315788,10700.280701754386,97,16,114,1.0,North America,theme_country
505,617bac52bb4e5a1c48577a66,USA,Western,73,9034.0,124.45205479452055,1327.6986301369864,48.45891867924529,73,73,35.39518001428572,73,6.661643835616441,11761.068493150686,67,6,73,1.0,North America,theme_country
506,617bac52bb4e5a1c48577a67,United Arab Emirates,Documentary,1,0.0,62.0,58.0,,1,1,0.125,1,8.2,0.0,1,0,1,1.0,Africa,theme_country
507,617bac52bb4e5a1c48577a68,United Arab Emirates,Family,1,0.0,62.0,58.0,,1,1,0.125,1,8.2,0.0,1,0,1,1.0,Africa,theme_country
508,617bac52bb4e5a1c48577a69,West Germany,Adventure,2,195.0,193.5,249.0,11.433134,2,2,20.5,2,7.9,1014.5,2,0,2,1.0,Europe,theme_country
509,617bac52bb4e5a1c48577a6a,West Germany,Drama,2,195.0,193.5,249.0,11.433134,2,2,20.5,2,7.9,1014.5,2,0,2,1.0,Europe,theme_country
510,617bac52bb4e5a1c48577a6b,West Germany,Family,1,99.0,94.0,249.0,,1,1,27.0,1,7.4,1560.0,1,0,1,1.0,Europe,theme_country
511,617bac52bb4e5a1c48577a6c,West Germany,Fantasy,1,99.0,94.0,249.0,,1,1,27.0,1,7.4,1560.0,1,0,1,1.0,Europe,theme_country
512,617bac52bb4e5a1c48577a6d,West Germany,Horror,1,38.0,80.0,2.0,,1,1,,1,6.0,16110.0,1,0,1,1.0,Europe,theme_country
513,617bac52bb4e5a1c48577a6e,West Germany,Mystery,1,38.0,80.0,2.0,,1,1,,1,6.0,16110.0,1,0,1,1.0,Europe,theme_country
514,617bac52bb4e5a1c48577a6f,West Germany,Thriller,1,96.0,293.0,249.0,11.433134,1,1,14.0,1,8.4,469.0,1,0,1,1.0,Europe,theme_country
515,617bac52bb4e5a1c48577a70,West Germany,War,1,96.0,293.0,249.0,11.433134,1,1,14.0,1,8.4,469.0,1,0,1,1.0,Europe,theme_country
